ID,eyetrial,TL_early,TL_prenuclear,TL_nuclear,TL_adverb,TR_early,TR_prenuclear,TR_nuclear,TR_adverb,BR_early,BR_prenuclear,BR_nuclear,BR_adverb,BL_early,BL_prenuclear,BL_nuclear,BL_adverb
1,100,0,0,0,0,0,0,0,0.09890180878552972,0,0.0702842377260982,0.026614987080103358,0,0,0,0,0.005813953488372093
1,101,0,0.017962308598351,0,0,0,0.016431095406360424,0,0,0,0.01154299175500589,0,0.014958775029446408,0,0,0.022732626619552415,0.11849234393404005
1,102,0,0,0,0,0,0,0.032020473129018165,0.11122901192185257,0,0.01654079021284564,0,0,0,0.04032207727357843,0,0
1,103,0.010811130147102263,0.033733089147515806,0,0,0,0.00815265552076564,0,0.11076977609735925,0,0.007680037809416908,0,0,0,0,0,0
1,104,0.0351060323041424,0.012306339962641468,0,0,0,0.041259202285463134,0,0.04950005493901769,0,0,0.03142511811888803,0,0,0,0,0.0074717064058894625
1,105,0,0,0,0,0,0,0,0,0.03310643564356436,0.03316831683168317,0,0,0.007920792079207921,0.010457920792079209,0.032363861386138615,0.11157178217821782
1,106,0,0,0,0,0,0,0,0,0,0.04249079252489429,0.014390942572636747,0.03301050334197245,0.022916382485336242,0.027008593643432,0,0.07120447415086618
1,107,0.025684833988268124,0.031152115724130076,0,0.05393245629022154,0,0.026140440799589954,0.022951193120337148,0,0.008542627712284298,0,0,0,0,0,0,0
1,108,0,0.01521216973578863,0,0.09946418673400259,0.0011701669027529716,0.01989283734680052,0,0,0,0,0,0,0,0.015520108394407834,0.018907433639219068,0.01625916117509392
1,109,0.03378706854642684,0.030323286339329122,0,0,0,0.030019445794846864,0.029290228488089452,0.04673067574137093,0,0,0,0,0,0,0,0
1,110,0,0,0,0.0342921041187799,0,0,0,0,0.022053798844505187,0.03373299372553892,0.0072063117351059205,0.057774740634900915,0,0.02739640926880785,0.03615580542958315,0
1,111,0,0,0,0,0,0.008103388054488299,0.025637443241355223,0.059378274537198746,0,0.048340901152637096,0,0,0.04855047153335662,0.010408662242403074,0,0
1,112,0,0,0.024736362452805624,0,0.003059497461268064,0.05708892071344877,0.008787918239812524,0,0,0,0,0,0,0,0,0.05383413618018487
1,17,0,0.022039246622621043,0.004930480228774283,0.041563948328567205,0,0,0.03387239917167932,0,0.027610689281135983,0.006902672320283996,0,0,0.0023666305098116558,0.006409624297406567,0,0
1,18,0,0,0.0047230571060541005,0,0.014598540145985401,0,0,0,0,0.024951099661275702,0.011926911883975001,0,0.0166022613424932,0.025619006726778304,0,0.0342540909307762
1,19,0,0,0,0,0,0,0,0,0.009313998884551032,0.03491355270496375,0.023034021193530395,0.01015058561070831,0.01795872838817624,0.03625209146681539,0,0.04422755158951478
1,20,0.005929146696971194,0.009387815603537724,0.00691733781313306,0.019665003211621127,0.0034092593507584366,0,0.011611245614901922,0.07668363061416078,0.015316962300508918,0.04891546025001235,0,0,0,0,0,0
1,21,0,0,0,0.030818399726058668,0,0.010386942129893847,0.0365255107864399,0,0.014096564319141651,0.0554731195069056,0,0.030304759730624357,0,0,0.0038237644104554274,0
1,22,0,0.019899764150943397,0,0.049380896226415096,0,0,0.012627751572327045,0.04446737421383648,0.00884433962264151,0.014003537735849057,0.0028498427672955973,0,0.020440251572327043,0.01729559748427673,0.008746069182389937,0
1,23,0,0,0,0.04611732790776534,0,0,0,0.03163299907959115,0,0,0,0,0,0,0,0.08080220898125272
1,24,0,0,0.01655269727558884,0.0475415174210355,0,0.01932052534462173,0,0.04873548247042223,0,0.051666123955280585,0,0.017638120047758603,0,0.01926625420601324,0,0
1,25,0,0.010784027980180706,0,0,0,0,0.010201107548819586,0.03515010201107549,0,0,0,0,0,0,0,0.025240454677936463
1,26,0,0,0,0.01236652594983859,0.011522224981375714,0.009783958281599205,0.009187981127390117,0.011820213558480258,0,0,0,0.04653588279115967,0.004817481996523466,0.061882294512043703,0,0
1,27,0.030474359699214113,0.05382484310510544,0,0,0,0,0,0.04364787697178719,0,0,0.005653870074065698,0,0,0,0.03539322666365127,0
1,28,0,0,0.054517319366742055,0.02886561123675753,0,0.00987977621711701,0.026663492441376026,0.037436019521485536,0,0,0,0,0,0,0,0
1,29,0,0.034425253126861226,0.008993448481238833,0,0,0.06337105419892794,0,0.01643835616438356,0,0,0,0,0,0,0.017153067301965457,0.026325193567599763
1,30,0,0,0,0.009915748541801685,0,0,0,0,0,0.05191186001296176,0.015878159429682438,0.053013609850939725,0.028580686973428387,0.010952689565780946,0,0.011665586519766688
1,31,0,0,0,0,0,0,0,0.06327402520144935,0,0.04823968417067763,0.035584879130387756,0,0.031582932237304635,0,0,0.016170028662592612
1,32,0,0,0,0.02727381236571974,0,0,0,0,0,0,0,0.031451420386727144,0,0,0,0.01784435426116018
1,33,0,0,0,0,0,0,0,0.02416366858186114,0,0.013853836653600387,0.032271921817107876,0,0,0,0,0.021371422434623852
1,34,0,0,0.020683150306541803,0.053156370006063464,0,0,0,0,0,0,0,0,0,0.011992184868288082,0.04163578791349458,0
1,35,0,0.04619673436877738,0.022102747909199524,0.020708880923934688,0,0,0,0,0,0,0,0,0.02880658436213992,0.024691358024691357,0,0.030797822912518254
1,36,0,0,0,0.019941173538062715,0,0,0,0,0,0,0,0,0,0,0,0
1,37,0,0,0,0,0,0,0,0,0,0,0,0.007100591715976331,0,0,0,0.035752102148863284
1,38,0,0,0,0,0,0,0,0,0.027124773960216998,0.052129450645382554,0.03024256407058677,0.04103011785246617,0,0,0,0.0243811186630916
1,39,0,0,0,0.07787068360247654,0,0,0,0,0,0,0,0,0,0,0,0
1,40,0,0,0,0,0,0,0,0,0,0.0074250681198910085,0.013010899182561307,0.06246594005449591,0,0,0,0.050817438692098094
1,41,0,0,0,0.0611018157030427,0,0,0,0,0.03321559149780009,0.0322240813038359,0.003284377517506352,0,0,0.028939703786329554,0.03284377517506352,0
1,42,0,0,0,0.01563418361349477,0,0,0,0.02362760079934172,0,0,0,0.025214529211237804,0,0,0,0
1,43,0,0,0,0.010464573751916284,0,0,0,0.010731187095914151,0,0.02399520095980804,0,0.0669866026794641,0,0.0033993201359728054,0.022395520895820836,0.010664533759914684
1,44,0,0,0,0,0,0,0,0,0,0.016918238993710692,0.03371069182389937,0.043144654088050315,0,0.007547169811320755,0,0
1,45,0,0,0,0,0,0,0,0,0,0,0.049055653487786455,0.05137245026441702,0.02190883908335432,0.04024175270712667,0,0
1,46,0,0,0.021421860319448795,0.03050422799874726,0,0,0,0,0,0.02361415596617601,0,0,0.023113059818352648,0.040588787973692454,0.02073285311619167,0
1,47,0,0,0,0,0,0,0,0.07487714987714987,0.01382063882063882,0,0,0.024262899262899262,0,0.03341523341523341,0.0476044226044226,0.02800982800982801
1,48,0,0,0.0138872473702872,0.07800496395225151,0,0,0,0,0,0.040657132726628055,0.02375605720364023,0,0,0,0,0
1,49,0,0,0,0.008919311346193736,0.0416234529489041,0.06119062435179423,0.018944893867109174,0.00981815667565512,0,0,0,0.03996404618682155,0,0.012652976560879485,0,0
1,50,0,0,0.023423534488072488,0.022190716883437097,0,0,0,0,0,0.025087838254330273,0.007890032669666524,0.07483202860136842,0,0,0,0
1,51,0,0,0.042820610479351436,0,0.0015234778823657435,0,0,0.04994831057184831,0,0,0.013221611621959846,0,0,0,0.012786332226998204,0.024158006420371074
1,52,0,0.049410443571027515,0,0,0,0.006363466217480816,0.03194210493480566,0.05471333208559486,0,0,0,0,0,0,0,0
1,53,0,0,0,0,0,0,0,0,0,0,0,0.04457904300423986,0,0,0,0.05081768625075712
1,54,0,0.03314070055431065,0,0,0,0,0.02081613397806345,0.05460549593112395,0,0.017808703856586863,0,0,0,0.048531666470102604,0,0
1,55,0,0,0,0.024291957545831206,0,0,0,0.034451444463363415,0,0.047959589079970485,0,0,0,0,0.007775696691072138,0.10250297973778308
1,56,0,0.034042030232272334,0.03490229814427922,0,0,0,0.016283642620130268,0,0.013334152636106673,0,0,0.019601818852156814,0.018249969276146,0.0167752242841342,0,0.03182991274425464
1,57,0,0,0,0,0,0,0.03858579701310576,0,0,0,0,0,0,0,0,0.086924718073758
1,58,0,0,0,0.013537519142419602,0,0,0,0,0.03944869831546707,0.05035222052067381,0,0.05745788667687596,0,0,0,0.07215926493108729
1,59,0.02894092535626844,0.037855483708958505,0,0.022160838721828113,0,0,0.02486031765961454,0,0,0.03540711909096616,0,0.024923096239563063,0,0,0,0
1,60,0,0.10721081293878354,0,0.020274260219145725,0,0,0,0.012400761104914376,0,0,0.026310609540056425,0.03903943310806378,0,0,0,0
1,61,0,0,0,0.009925841414717628,0.02989161437535653,0.031602966343411296,0,0,0,0,0,0,0,0.015345122646891043,0.04358243011979464,0.042954934398174556
1,62,0,0,0,0,0,0.0512396694214876,0,0.029693034238488784,0,0,0,0,0,0.02963400236127509,0.03051948051948052,0.0269185360094451
1,63,0,0,0,0,0.034893966985842684,0.0195617693708512,0,0.059625212947189095,0,0,0,0,0,0.010456441285319862,0,0.0868824531516184
1,64,0.004053532363917128,0,0,0.009007849697593617,0.040985716124050955,0.007785355810063055,0,0,0,0.03693218376013383,0.004696950199459529,0,0,0,0.025093295586153648,0.04413846351820872
1,65,0,0,0,0.03138806462248599,0,0,0,0,0.04576327068908671,0,0.04530168150346192,0.04516979887899769,0,0.049851632047477744,0,0
1,66,0,0,0,0.04173506755903523,0,0,0,0,0,0.04836469251168077,0,0,0,0,0.011428210632655639,0.03081197120848592
1,67,0,0,0,0,0,0,0,0,0,0.027726110206928622,0,0.05771913508486398,0,0,0.024761683329458266,0.0076726342710997444
1,68,0,0,0.012386566867589587,0.061866596012452806,0,0,0,0,0,0.018215539511161158,0,0,0,0,0.01867920778962708,0
1,69,0.01673372932234783,0.03768282557322603,0,0.017947244044197484,0,0,0,0,0,0,0.042920099635945584,0.047327074152136425,0,0,0,0
1,70,0,0,0,0,0,0,0,0,0.0301501198435726,0.03702535637693957,0,0.05336192758925192,0.005109120726630503,0.02813170177873092,0.03670997855430806,0
1,71,0,0,0,0,0,0,0,0,0,0.01787627209426888,0.03675682913765399,0.10357525441885378,0,0.08690412426352437,0,0
1,72,0,0,0,0.08997172792283387,0,0,0,0,0,0.058872443040079825,0,0,0,0.009922944730860913,0,0.030600365873939796
1,73,0,0.008346107988417647,0,0,0.038153636518480666,0.031170158405723045,0,0.11480156702435701,0,0,0,0,0,0.01237722137057855,0.015499914835632771,0.03134048714018055
1,74,0,0,0,0.012837353713876284,0,0,0,0.03731788870312873,0.0330188679245283,0.0429902077860043,0,0.008180081203725818,0,0.020659183186052067,0.011344638165751134,0.04782660616192978
1,75,0,0,0,0.12194308581591819,0.033236994219653176,0.032458870609159626,0,0,0,0,0,0,0,0.02929079590929302,0,0.030013339261894176
1,76,0,0,0,0.014884819846426462,0.0112817483756645,0.048316597755463674,0.03591258121677496,0,0,0,0,0,0,0,0,0.11045481393975191
1,77,0,0,0,0,0,0,0,0,0.019242373449547434,0.06262152195776065,0.01267180690579953,0.082936640965471,0.01689574254106604,0,0.011397921555481059,0
1,78,0.03427984946972289,0.019295244611700308,0.008826548067054397,0,0,0.058296270954498804,0.014368799178925761,0,0,0,0,0.05473828258638385,0,0,0,0
1,79,0.024544594274899457,0.05269694819020582,0,0.08960255500354862,0,0,0,0,0,0.014253607759640408,0.014904187366926898,0.018216229004021766,0,0,0,0
1,80,0,0.03131607520429739,0,0,0,0,0,0.09949139950854334,0,0,0.03863077890165152,0,0,0,0,0
1,81,0,0.04189468563784507,0,0.07241882524626049,0,0.047610361182050344,0,0,0,0,0.014349993919494103,0.034111638088288945,0,0,0,0
1,82,0,0,0.02242412526580321,0.11089632063921645,0.014820542560732007,0.08273728977382563,0,0.021522005283845607,0,0,0,0,0,0,0,0
1,83,0,0.02490510754478258,0.03555969900779117,0.01964440300992209,0.032762868748751416,0.0469467936338816,0,0.0648598255310648,0,0,0,0,0,0,0,0.023040554038756076
1,84,0,0,0,0,0.03510028653295129,0.03205587392550143,0,0,0,0,0,0,0,0.03014565425023878,0.028712989493791786,0.09192932187201529
1,85,0.010793111811787534,0,0,0,0.02619451855445064,0.06281833616298811,0,0.04735629396070822,0,0,0,0,0,0.004001940334707737,0.03438030560271647,0
1,86,0,0,0.008652094717668488,0,0.033697632058287796,0.05874316939890711,0.036559979182930004,0,0,0,0,0,0,0,0,0.06036950299245381
1,87,0.0035075885328836424,0,0.01996627318718381,0,0.03305227655986509,0,0,0,0.006880269814502529,0.060978077571669474,0.018279932546374368,0.06745362563237774,0,0,0,0
1,88,0,0.023061825318940136,0,0.02024043179587831,0,0.05857458292443572,0,0,0,0.01386162904808636,0.03532875368007851,0.029256624141315014,0,0,0,0
1,89,0,0,0,0,0,0,0,0,0,0.034731731607120626,0.01829951450267646,0.028569650192954064,0.02707581227436823,0.042387650939873026,0,0.05838416531806299
1,90,0,0.01564288439526898,0.021175123998473867,0,0.04139641358260206,0.03980668955869261,0,0.05099834668701513,0,0,0,0,0,0,0.02727966425028615,0.03573699605748442
1,91,0,0.02066562537546558,0,0,0,0,0,0,0.04073050582722576,0.01033281268773279,0.037426408746846086,0.09900276342664904,0,0.0202451039288718,0,0
1,92,0.015577757328776127,0.01511765479163928,0,0,0,0.013211515709215197,0,0,0,0.012225581701064808,0.02734323649270409,0.08748521098987774,0,0,0,0
1,93,0,0,0,0,0.017522389720198032,0.04917394448461924,0.029537742671190966,0,0,0,0,0,0,0,0.014685431384546921,0.092785225566001
1,94,0,0.015324570969408254,0.018309131607645066,0.1254663375997245,0.03598691384950927,0,0,0,0,0.008264937152040406,0,0,0,0.03673305400906847,0,0
1,95,0.005168119551681195,0.04800747198007472,0,0,0.013760896637608966,0.016687422166874223,0,0,0,0.012391033623910336,0.020983810709838107,0.11961394769613948,0,0,0,0
1,96,0,0.02459651003513787,0.008635578583765112,0.12667500446667856,0,0,0,0,0.012625811446608301,0.04430945149187065,0,0,0,0,0,0
1,97,0.013708958804578793,0,0,0,0,0,0,0,0.029816985399958872,0.012475152512166701,0,0,0,0.046541915141545,0.03694564397833985,0.06230721776681061
1,98,0,0,0,0,0,0,0.019318025574040974,0,0,0.06022274164718823,0.017186855492919016,0.00680599477519593,0.02619276777120858,0.014024474082221917,0,0.052591777808332185
1,99,0,0,0,0,0,0.011228988702121797,0.02617801047120419,0.0631716726370901,0.010057867181041609,0.0181179388261229,0,0,0.030449159548084873,0.04519151281344723,0,0
2,100,0,0,0,0.027713178294573645,0,0,0,0,0,0,0,0.023320413436692507,0,0,0.021963824289405683,0
2,101,0,0,0,0.05341578327444052,0,0,0,0,0,0,0,0,0,0,0,0
2,102,0,0.009050621059858936,0.012358779102428063,0.04843642718931403,0,0,0,0,0,0.06092004244429187,0,0.04182011110417577,0,0,0,0
2,103,0,0,0.014532994623973533,0,0,0,0.011697288355881137,0.029774915814970167,0,0.020617947657588467,0,0.012996987062090152,0,0.011047439002776629,0.011992674425474095,0
2,104,0,0,0,0,0,0,0,0,0,0,0,0,0,0,0,0.06878365014833535
2,105,0,0,0,0,0,0,0,0,0,0,0,0.032054455445544555,0,0,0,0.019183168316831683
2,106,0,0,0.012549447551493656,0.0759787205019779,0,0,0,0,0,0.10933024144045833,0,0,0,0,0,0
2,107,0,0,0.014522467110883308,0.05433111225012814,0,0.07090381001195968,0,0,0,0.019648043738253886,0,0,0,0,0,0
2,108,0,0,0,0.14399211677033935,0,0,0,0,0.016382336638541602,0.06940937365276836,0,0,0,0,0,0
2,109,0.01701507049100632,0.03573164803111327,0,0,0,0,0,0,0,0,0,0.12445308701993194,0,0,0,0
2,110,0,0,0,0,0,0.006522954587811393,0,0,0,0,0,0.07467229918618376,0,0.06566440951730136,0,0.0277691495309685
2,111,0,0.009919664687390849,0,0,0,0.031156129933636045,0,0,0,0.012574222843171499,0,0.04792176039119805,0.001466992665036675,0.03178484107579462,0,0.028361858190709046
2,112,0,0,0.00703033459185002,0,0,0,0.00956906652779586,0,0,0.07127978127847936,0,0,0,0.01757583647962505,0,0.03085535737534175
2,17,0,0,0,0,0,0,0,0,0,0,0,0.02351839069125333,0,0,0,0.05177004240212997
2,18,0,0,0,0.0851581508515815,0,0,0,0,0.009207575974428702,0.0320595391441248,0.011688373646295502,0.136920948428033,0,0.014264586613234102,0,0.012213157769190401
2,19,0,0,0,0.05856107083100948,7.250418293363079e-4,0.0448968209704406,0.011823759063022866,0.06854433909648634,0.0196319018404908,0,0,0,0.00992749581706637,0.01818181818181818,0,0
2,20,0,0,0,0,0,0,0,0,0,0.028608132812886013,0,0.08449034043183952,0,0,0,0.07228618014724048
2,21,0,0,0,0.059753452802191534,0,0,0.01455313320397215,0,0,0,0,0,0,0,0,0
2,22,0,0,0,0,0,0,0.016214622641509434,0.039111635220125784,0,0.006240172955974843,0,0,0,0.014003537735849057,0.00884433962264151,0.007959905660377358
2,23,0,0.05071937218427554,0,0.021605386813932082,0,0,0.0240275153805164,0.07813786755800999,9.688514266337257e-4,0,0,0.025674562805793732,0.010221382550985807,0,0,0.06825558300634597
2,24,0,0,0,0.025290350591555412,0.03500488440247476,0.023065233908607402,0,0.031965700640399435,0,0,0,0.03500488440247476,0,0.023607945294692283,0.009334635840659937,0.020894388364267883
2,25,0,0.015505683474205771,0,0,0.03264354415622268,0.04774118332847566,0.02121830370154474,0,0,0,0,0.11611774992713494,0,0,0,0.033751092975808805
2,26,0,0,0.0174819965234666,0.05646883536131115,0,0,0,0.018475291780481747,0.013757139309659796,0.028656568164887014,0,0,0,0.02130618326297492,0,0
2,27,0,0,0,0,0,0,0,0.06027025498954034,0,0,0.01424775258664556,0.00542771527110307,0.030757053202917398,0.04896251484140894,0.018770848645898116,0
2,28,0,0,0,0.03475776693250803,0.03809070348768004,0,0.011486727770503512,0.007380073800738007,0,0,0,0,0,0.03565051779550053,0.011724794667301511,0
2,29,0,0.011316259678379988,0.025074449076831446,0.006789755807027993,0,0,0.01429422275163788,0,0,0.024776652769505657,0,0.07778439547349612,0,0,0,0
2,30,0,0,0,0,0,0,0,0,0,0,0,0,0,0,0,0.04225534672715489
2,31,0,0,0,0.03174517332756476,0,0,0,0.03098804823968417,0,0,0,0.01562922502839219,0,0,0,0.007246768698285652
2,32,0.04064215803294342,0.042850322272618764,0.02488660778228694,0,0,0,0,0.01694915254237288,0,0,0,0.06588684650274529,0,0,0,0
2,33,0.012404016538688719,0,0,0,0.010846802341191,0.033238468560382324,0,0.061053535950169144,0,0,0,0,0,0.02475433603608441,0.024217365623154165,0.022230575095312247
2,34,0,0,0,0,0,0,0,0,0,0,0,0.04116418513777538,0,0,0.0477666239978441,0.024253857036987132
2,35,0,0,0,0,0,0.011416434355502455,0,0.07407407407407407,0.044271870436744985,0.02429311031461569,0,0.01825302004513474,0,0.009757068896853844,0.02502323111642108,0.0023894862604540022
2,36,0,0,0,0.05154793359589212,0,0,0,0.038087641457699786,0,0,0,0.04332219951144125,0,0,0,0.06321352011565881
2,37,0,0,0,0,0.02709436312675179,0.060043600124571786,0.029585798816568046,0.04939271255060729,0,0,0,0,0,0,0,0.09398941139831828
2,38,0,0,0,0,0,0,0,0,0,0,0.027935399388913137,0,0,0,0,0.04315021512751761
2,39,0,0.012829514265653923,0,0.03689283206740282,0,0,0,0,0.026871768685772644,0.030382332290802325,0.04008425352652071,0.012829514265653923,0.015318823003765877,0.014808195570307015,0,0.021191038488542795
2,40,0,0,0,0,0,0.027452316076294277,0,0,0.01491825613079019,0,0,0,0.0335149863760218,0.04305177111716621,0,0
2,41,0,0,0,0.04387432608291504,0,0,0.016669765136022804,0.0155543161678131,0,0.03445497924025531,0,0,0,0.01140236723058809,0,0
2,42,0,0,0,0,0,0,0.012695427295168685,0.057540848712824735,0,0.07652521452921124,0,0,0,0.013459503937933466,0.01457623133889738,0
2,43,0,0.017063254015863494,0,0,0,0.01919616076784643,0,0,0.009264813703925881,0,0.05138972205558888,0.02192894754382457,0.036192761447710456,0.007331866959941345,0.008598280343931213,0
2,44,0,0,0.006918238993710692,0,0,0,0.0071069182389937105,0,0,0.08421383647798743,0,0.030943396226415093,0,0,0.006792452830188679,0
2,45,0,0,0,0,0,0,0,0,0,0,0.027952656761521026,0.0285570385293377,0,0,0,0
2,46,0,0.016222987785781396,0.025493266520513622,0.016285624804259317,0.03607892264328218,0.01096147823363608,0,0.03852176636392108,0,0,0,0,0,0,0,0
2,47,0,0,0,0,0.013022113022113022,0,0,0.010196560196560197,0,0.02450859950859951,0.007002457002457003,0.02192874692874693,0,0.010872235872235873,0.02923832923832924,0.03771498771498771
2,48,0.00537761493913249,0.030788322893275027,0,0,0,0.040361659378324075,0.020033093015010047,0.01961943032738447,0,0,0,0,0,0,0,0
2,49,0,0,0,0.05234045495402061,0,0,0,0,0.010440434211436079,0.010440434211436079,0.014104957477701721,0,0,0,0.015487796446103852,0
2,50,0,0,0,0,0.03192997596005671,0.06731184121309253,0.008937927633606608,0,0,0,0,0,0,0,0.017690932626517906,0.03322443444492387
2,51,0,0,0,0,0,0,0,0.02535502475651559,0,0,0.012459872680776973,0.04418085858860656,0,0,0,0.033407693563305946
2,52,0,0,0,0,0,0,0,0.03119346185039616,0,0,0,0,0,0,0,0
2,53,0,0.01029678982434888,0.037189582071471834,0,0,0,0,0,0.0273167777104785,0.023864324651726228,0,0.03137492428831012,0,0.01532404603270745,0,0
2,54,0.013975704682155915,0.0123245665762472,0,0,0,0.040983606557377046,0,0,0,0,0.026418209694539452,0.08703856586861658,0,0,0,0
2,55,0,0.006640558487995913,0,0.03365684772121006,0,0.017935183608604348,0.03047846075259663,0.026732504682445087,0.021510868948294456,0.015437879561836653,0,0.020602758385833475,0,0.0039162268006129744,0,0
2,56,0,0,0,0,0,0.021875384048175003,0.03226004670025808,0.06126336487649011,0,0,0,0,0,0,0,0
2,57,0,0,0,0.04687595245352027,0,0.024443767144163363,0.01542212740018287,0.04388905821395916,0,0,0,0,0,0,0,0
2,58,0,0,0,0,0,0,0,0.10352220520673813,0,0.010535987748851455,0,0,0,0.010781010719754977,0,0.005941807044410413
2,59,0,0,0,0,0,0,0,0.027873689497143573,0,0,0,0,0,0.030635947014878522,0.03980161968736267,0.005524515035469898
2,60,0,0,0,0,0,0.022111410012466373,0,0,0,0,0.04146709533495178,0.021586510071517618,0,0.0206023226822387,0,0.030116134111934912
2,61,0,0,0,0.026811180832857957,0.014945807187678265,0.030861380490587564,0,0,0,0,0,0.0096406160867085,0,0.03029092983456931,0.03280091272104963,0.04004563605248146
2,62,0,0,0,0,0,0,0,0.026210153482880756,0,0,0,0.047284533648170014,0,0,0,0.008382526564344746
2,63,0,0,0,0.022263995770428244,0,0,0,0,0,0,0.026317335369793807,0.03048816307348881,0,0,0,0
2,64,0,0,0,0,0,0,0.011002444987775062,0,0,0,0,0.037253892677905034,0,0,0,0.023806459915068846
2,65,0,0,0,0.07603033300362677,0,0,0,0,0,0,0,0,0,0,0,0
2,66,0,0,0,0.037504735446394745,0,0,0,0.039840889001136505,0,0,0,0,0,0,0,0
2,67,0,0,0,0,0,0,0,0.008602650546384562,0,0,0,0.02615670774238549,0,0,0,0.0963148105091839
2,68,0,0,0,0.042326289991389016,0,0,0,0,0,0,0,0.011856660263628535,0,0,0,0
2,69,0,0,0,0.012390624002043814,0,0,0,0,0,0.04119563134700134,0.007472695918758382,0.03340358944880884,0,0,0.02209874177684103,0
2,70,0,0,0,0,0,0,0,0.04427904629746436,0,0,0.016651949034943863,0,0,0,0,0.041566797022833356
2,71,0,0,0,0.08275307980717729,0,0,0,0,0,0,0.015733797536154257,0,0,0,0,0
2,72,0,0,0,0,0,0,0,0,0,0,0,0.048783191972947504,0,0,0,0.029159044292920894
2,73,0,0,0,0,0,0,0,0,0,0,0,0,0,0,0.011241696474195196,0.0763640492817805
2,74,0,0,0,0.04090040601862909,0,0,0,0.02621208502507762,0,0,0,0,0,0,0.0149868641031765,0
2,75,0,0,0,0,0,0,0,0,0,0,0,0.055913739439751003,0,0,0,0
2,76,0,0,0,0,0,0,0,0.0031305375073833433,0,0,0,0.0377436503248671,0,0,0,0
2,77,0,0,0,0,0,0,0.028427757291317465,0.030841434797184042,0,0.07770700636942675,0,0,0.036339255782769024,0,0,0
2,78,0,0,0.023605884365378037,0,0.03181662675333562,0.027163872733492987,0.009168662333219295,0,0,0,0,0,0,0,0.009716045159083133,0.07109134450906603
2,79,0,0,0,0,0,0,0,0.04128223326236101,0,0,0,0,0,0.015318192571563756,0.018571090607996214,0.05701443103856163
2,80,0,0,0,0.005314589405108864,0,0,0,0.025944339676552946,0,0,0,0.035602034401965826,0,0,0,0
2,81,0,0,0,0,0,0,0,0.09181563906116989,0,0,0,0,0,0.03058494466739633,0,0
2,82,0,0,0,0,0,0,0.038533410657903215,0.05180746182099362,0,0,0,0,0,0,0,0
2,83,0,0,0,0,0,0,0,0,0,0,0,0,0,0,0,0.046613837650662585
2,84,0,0,0,0,0,0,0,0,0,0,0.04011461318051576,0.02835482330468004,0,0,0,0.03689111747851003
2,85,0,0,0,0,0,0,0,0.05214649527043415,0,0,0.017948096046568034,0.03359204462769828,0,0,0.01012612175600291,0.02661896677176813
2,86,0,0,0,0,0,0,0,0.05763726255529534,0,0,0,0,0,0,0,0.057442102524069734
2,87,0,0,0,0,0,0,0.017403035413153457,0,0,0,0,0,0,0,0,0
2,88,0,0,0,0,0,0,0,0.04679833169774288,0,0,0.018584396467124634,0,0,0,0,0
2,89,0.0130088385410183,0.01767708203659903,0,0,0,0.029378812398854724,0,0,0,0,0.014813892692642848,0.07743059878003236,0,0.02340346072451139,0,0
2,90,0,0.016469540887701896,0,0.06129975836194836,0,0,0,0,0,0.048200432404934504,0,0.035037517486964265,0,0,0,0
2,91,0,0,0,0,0,0.014117505707076775,0.018563018142496696,0.02246786014658176,0,0,0,0,0,0,0,0
2,92,0,0,0.01071381622190088,0,0,0,0,0.01662942027080321,0,0,0,0,0,0,0,0.05140002629157355
2,93,0,0,0,0.027479557211993102,0,0,0.012015352950992935,0.01668799020971241,0,0.023863825999888746,0.0070089558880792125,0,0,0.011737219780831061,0.005840796573399343,0
2,94,0,0,0,0.027377604316133845,0,0,0,0.035298169086839234,0,0,0,0,0,0,0.02129369224588188,0
2,95,0,0,0,0.011830635118306352,0,0,0,0.032254047322540474,0,0,0,0.024221668742216686,0,0,0,0
2,96,0,0,0,0,0,0,0,0,0,0,0.021916502888452146,0.0515752486451075,0,0.01870049431242928,0,0
2,97,0,0,0,0,0,0.014120227568716157,0,0,0,0,0,0,0,0,0.015216944273082459,0.057577626979230925
2,98,0,0,0,0,0,0,0,0,0,0,0,0.11281451945552042,0,0,0,0
2,99,0,0,0.010540093689721686,0,0,0,0.020046844860843207,0.03664921465968586,0,0.061036098098649766,0,0,0,0,0,0
3,100,0,0,0,0.03307493540051679,0,0,0,0,0,0,0,0,0,0,0,0
3,101,0.023851590106007067,0,0,0,0,0.03521790341578328,0.02308598351001178,0,0,0,0,0.00812720848056537,0.010954063604240283,0,0.008539458186101296,0.03356890459363958
3,102,0,0.01491792022969852,0,0,0.04475376068909556,0,0,0.02122214593346233,0,0,0,0.008364022220835154,0,0.022657761687784782,0,0.024967230509955682
3,103,0,0,0,0.03172446387428369,0,0,0,0,0,0,0,0.017014237608554382,0,0,0,0
3,104,0,0,0,0,0,0,0,0.04658828700142841,0,0,0,0,0,0,0,0.010768047467311284
3,105,0,0,0,0.0019801980198019802,0,0,0,0,0,0,0,0,0,0,0,0
3,106,0,0,0,0,0,0,0,0,0,0,0,0.023393807120447415,0,0,0,0.010844359568953759
3,107,0,0,0,0,0,0,0,0.04368130303548038,0,0,0,0.010251153254741158,0,0,0,0.009396890483512728
3,108,0,0,0,0,0.003756851635154277,0,0.023957627640574,0.018722670444047546,0,0,0,0,0.025682084128841536,0,0,0
3,109,0,0,0,0,0,0,0,0,0,0,0,0.025887214389888186,0,0,0,0.031234807972775887
3,110,0,0,0,0,0,0,0,0,0,0,0,0,0,0,0,0
3,111,0,0,0,0,0,0,0,0,0,0,0,0.02116660845267202,0,0,0,0
3,112,0,0,0,0,0,0,0,0,0,0,0,0,0,0,0,0
3,17,0,0,0,0.0457055517207376,0,0,0,0,0,0,0,0,0,0,0,0
3,18,0,0,0,0,0,0,0,0,0,0,0,0.0072515624254568005,0,0,0,0.026811697915175802
3,19,0,0,0,0,0,0,0,0.02950362520914668,0,0,0,0,0,0,0,0
3,20,0,0,0,0,0,0,0,0,0,0,0,0.007114976036365433,0,0,0,0
3,21,0,0,0,0,0,0,0,0,0,0,0,0,0,0,0,0.028021915306471863
3,22,0,0,0,0,0,0,0,0,0,0,0,0.02088246855345912,0,0,0,0
3,23,0,0,0,0,0,0,0,0,0,0,0,0,0.011190233977619531,0,0,0.03235963764956644
3,24,0,0,0,0.024964723759904484,0,0,0,0.02149137088896125,0,0,0,0,0,0,0,0
3,25,0,0,0,0,0,0,0,0.033168172544447684,0,0,0.018770037889828037,0,0,0,0,0
3,26,0,0,0,0,0,0,0,0,0,0.01311149739259995,0.040576111249068784,0.030295505338962008,0,0,0.00893965731313633,0.032977402532902905
3,27,0,0.012438514162944536,0,0.030983208005880024,0,0.0145869847910895,0,0.07050375982359926,0,0,0,0,0,0,0,0
3,28,0,0,0.037376502797286035,0.012260445185097012,0,0,0,0.024639923818593024,0,0,0,0.03565051779550053,0,0,0,0.007201523628139507
3,29,0,0,0,0.026027397260273973,0,0,0,0.013281715306730196,0,0,0,0,0,0,0,0
3,30,0,0,0,0,0,0,0,0.030589760207388204,0,0,0,0,0,0,0,0
3,31,0.014547617759991346,0,0,0.01287112649397004,0,0,0,0.01811692174571413,0,0,0,0.025850413714780165,0,0,0,0
3,32,0,0,0.036762950584865124,0.00960849844831702,0,0.01169730245882072,0,0.09620434471234185,0,0,0,0.016053950823585583,0,0,0,0
3,33,0,0,0,0,0,0,0,0.024217365623154165,0,0,0,0,0,0,0,0
3,34,0,0,0,0,0,0,0,0.02317590783534326,0,0,0,0,0,0,0,0
3,35,0.019514137793707687,0.03033320058409664,0,0.03630691623523165,0,0,0,0.018717642373556352,0.012677552104075401,0,0.02143900172574008,0,0,0.026682596575069693,0,0
3,36,0,0,0,0.007128969539857421,0,0,0,0,0,0,0,0.01351014507203749,0,0,0,0
3,37,0,0,0,0,0,0,0,0,0,0,0,0,0,0,0,0
3,38,0,0,0,0,0,0,0,0.045644447215813434,0,0,0,0,0,0,0,0
3,39,0,0,0,0,0,0,0,0,0,0,0,0.01614859258313653,0,0,0,0
3,40,0,0,0,0,0,0,0,0.03303814713896458,0,0,0,0,0,0,0,0
3,41,0,0,0,0,0,0,0,0,0,0,0,0,0,0,0,0
3,42,0,0,0,0.04784295286234865,0,0,0,0.028505936287763017,0,0,0,0.007699541554014341,0,0,0,0
3,43,0,0,0,0.04579084183163367,0,0,0,0,0,0.014730387255882157,0,0,0,0,0,0
3,44,0.004088050314465409,0,0,0.052075471698113204,0,0,0,0.011320754716981131,0,0,0,0,0.024968553459119497,0.033459119496855344,0.012138364779874214,0
3,45,0,0,0,0,0,0,0,0,0,0,0,0,0,0,0,0.0464870309745656
3,46,0,0,0,0,0,0,0,0,0,0,0.014093329157532102,0.059191982461634825,0,0,0,0.04108988412151582
3,47,0,0,0,0.011486486486486487,0,0,0,0.039680589680589684,0,0,0,0,0,0,0,0
3,48,0,0,0,0,0,0,0,0,0,0,0,0,0,0,0,0
3,49,0,0,0,0.010578718108276292,0,0,0,0,0,0,0,0,0,0,0,0
3,50,0,0.017197805584663748,0,0,0,0,0,0,0,0,0,0.034703815570486345,0,0,0,0
3,51,0,0,0,0,0,0,0,0,0,0,0,0,0,0,0,0
3,52,0,0,0,0,0,0,0,0,0,0,0,0.011791128579449747,0,0,0,0.022147357913781272
3,53,0,0,0,0,0,0,0,0.055844942459115685,0,0,0,0,0,0,0,0.009630526953361598
3,54,0,0,0,0.026418209694539452,0,0,0,0,0,0,0,0,0,0,0,0
3,55,0,0,0,0,0,0,0,0,0,0,0,0.020546001475679664,0,0,0,0
3,56,0,0,0,0,0,0,0,0,0,0,0,0.023042890500184342,0,0,0,0
3,57,0,0,0,0,0,0,0,0,0,0,0,0,0,0,0,0
3,58,0,0,0,0.02437978560490046,0,0,0,0,0,0,0,0,0,0,0,0
3,59,0,0,0,0,0,0,0,0,0,0,0,0,0,0,0,0
3,60,0,0,0,0,0.023751722327931237,0,0,0.03936749557115675,0.014369135883472214,0.009907486385407782,0,0,0,0,0,0.016206285676792862
3,61,0,0,0,0.025556189389617796,0,0,0,0,0,0,0,0,0,0,0,0
3,62,0,0,0,0,0,0,0,0.06097992916174735,0,0,0,0.010566706021251477,0,0,0,0
3,63,0,0,0,0,0,0,0,0,0,0,0,0.015978382188803382,0,0,0,0
3,64,0,0,0,0,0,0,0,0,0,0,0,0,0,0,0,0.030562347188264057
3,65,0,0,0,0.03996043521266073,0,0,0,0.013122321134190571,0,0,0,0,0,0,0,0
3,66,0,0,0,0,0,0,0,0,0,0,0,0,0,0,0,0
3,67,0.036328760753313184,0,0,0,0,0,0,0.033306207858637527,0,0.01703092304115322,0,0.02993489886073006,0,0.027900488258544524,0,0.03685189490816089
3,68,0,0,0,0,0,0,0,0,0,0,0,0,0,0,0,0.03484135921043916
3,69,0,0,0,0,0,0,0,0,0,0,0,0,0,0,0,0.013859615507440762
3,70,0,0,0,0.045351330894411505,0,0,0,0.012930490727892015,0,0,0.01557966443799672,0,0,0,0,0
3,71,0,0,0,0,0,0,0,0,0,0,0,0,0,0,0,0
3,72,0,0,0,0,0,0,0,0,0,0,0,0.022395919951216807,0,0,0,0.013526248683408171
3,73,0,0,0,0.02378924657923125,0,0,0,0.006926701867938454,0,0,0,0,0,0,0,0
3,74,0,0,0,0.016539288273226652,0,0,0,0,0,0,0,0,0,0,0,0
3,75,0,0,0,0.05407959092930191,0,0,0,0,0,0,0,0,0,0,0,0
3,76,0,0.017365623154164206,0,0,0.017838157117542823,0,0,0.11901949202598937,0.00106320141760189,0,0,0,0,0,0,0
3,77,0,0,0,0.03211532014750251,0,0,0,0,0,0,0,0,0,0,0,0
3,78,0,0,0,0,0,0,0,0.015121450564488539,0,0,0,0,0,0,0,0
3,79,0.018571090607996214,0.020995978235154956,0.012834161343742607,0.038739058433877455,0,0.007747811686775491,0,0.018630234208658624,0,0,0,0.01667849538679915,0,0,0,0
3,80,0.034916280930338876,0.02971598377050117,0,0,0,0.02708726212926453,0,0.0702325847191268,0,0,0.0192010972055546,0,0,0,0,0
3,81,0,0,0,0,0,0,0,0,0,0,0,0.01045847014471604,0.011066520734525112,0,0,0.06475738781466618
3,82,0,0,0,0.026419228043044012,0,0,0,0.011920871190154005,0,0.020942071009730008,0,0.009665571235260004,0.02274631097364521,0.046265867646111215,0.028223468006959213,0
3,83,0,0,0,0.017180528734101353,0,0,0,0,0,0,0,0,0,0,0,0
3,84,0.01444603629417383,0,0,0,0.015222063037249284,0,0,0,0,0,0.013908787010506208,0,0,0,0,0.0359360076408787
3,85,0.00654862963861266,0.012369633761823914,0,0.0538442881397041,0,0,0.025951976715983507,0,0,0,0,0,0,0,0,0
3,86,0.01795472287275566,0.01945094977881863,0,0,0,0.024525110590684362,0,0.018214936247723135,0,0.01483216237314598,0,0,0.00702576112412178,0,0,0.08886286755139214
3,87,0,0,0,0,0,0,0,0.03305227655986509,0,0,0,0,0,0,0,0.00802698145025295
3,88,0,0,0,0,0,0,0,0,0,0,0,0.04600098135426889,0,0,0,0
3,89,0,0.024150379683804308,0,0,0,0.01462716295281962,0,0,0,0,0.022283082285572017,0.01829951450267646,0.01282210880119507,0,0,0.057077057139300384
3,90,0,0,0,0,0,0,0,0,0,0,0,0,0,0,0,0
3,91,0.01694100684849213,0.019824582482278023,0,0,0,0,0.019764507989907486,0,0.013276462813889223,0,0,0.07515318995554487,0,0,0,0
3,92,0,0,0,0,0,0,0,0,0,0,0,0,0,0,0,0.00782174313132641
3,93,0,0,0,0,0,0,0,0.1328364020693108,0,0,0,0,0,0,0,0
3,94,0,0,0,0,0,0,0,0.01670206049474832,0,0,0,0,0,0,0,0.01555415255696493
3,95,0,0,0,0,0,0,0,0,0,0,0,0.0387920298879203,0.009277708592777085,0.014134495641344957,0,0
3,96,0,0,0,0,0,0,0,0,0,0,0,0.024000952891429932,0,0,0,0
3,97,0,0.02056343820686819,0.035917472067996434,0.010281719103434095,0,0,0,0,0,0,0,0.010967167043663033,0,0,0,0
3,98,0,0.04035473669737385,0,0,0,0,0.022274164718823045,0,0,0,0,0.024336587377973326,0.016293139007287228,0,0.02151794307713461,0.026055272927265227
3,99,0,0.014535684761642326,0.04574262882336732,0,0,0,0,0,0,0,0,0.02218241939928355,0,0,0,0.016740148801322678
4,100,0,0,0.008333333333333333,0.0582687338501292,0.01124031007751938,0.07228682170542636,0,0,0,0,0,0,0,0.011434108527131783,0.023901808785529714,0
4,101,0.00995288574793875,0.032449941107184924,0,0,0.0251472320376914,0.010011778563015312,0,0,0,0.019434628975265017,0,0.13091872791519435,0,0,0.013309776207302709,0
4,102,0,0,0,0,0,0,0.018787840958741652,0,0,0.03314399850196617,0.008301604144560265,0.05417889020660383,0.02534173896760502,0.0364521565445353,0.002683977279820236,0
4,103,0.032315236013469605,0.03148815501860932,0,0.05671412536184794,0,0.006380339103207892,0.04507591421988539,0.020204407160158328,0,0.01595084775801973,0,0,0,0,0,0
4,104,0,0.021755851005384023,0,0.08152950225249972,0,0,0.013240303263377651,0,0,0.007856279529722008,0,0.03620481265794968,0,0,0,0
4,105,0,0.03001237623762376,0.014913366336633663,0.015903465346534654,0,0.0655940594059406,0.011695544554455446,0.04832920792079208,0,0,0,0,0,0,0,0
4,106,0,0.026872186604828808,0,0,0,0.012549447551493656,0,0.08866457509207475,0,0.022916382485336242,0,0,0.04828809166552994,0,0,0
4,107,0.012529187311350304,0.054558915655789054,0,0,0.004840822370294436,0.010478956660402073,0,0,0,0.006663249615581753,0,0.10006264593655675,0,0.006948003872657896,0,0
4,108,0,0,0.00899180883168073,0.07415162899550409,0,0,0,0,0,0.05204163330664532,0.016443924370265442,0,0.03812280593705734,0,0.011886432222701238,0
4,109,0,0.03609625668449198,0.015252795333009236,0.053475935828877004,0,0.009175984443364123,0,0,0.042416140009722894,0,0,0.09583130772970345,0,0.012275157997083131,0,0
4,110,0,0,0.023606883270174565,0,0.023109896253960364,0.040318071690377086,0,0.06137789650245387,0,0,0,0,0.014661116978318942,0.013977759831024415,0.007019941604025595,0.05162452630925017
4,111,0,0,0,0,0.043450925602514845,0.0729304924903947,0,0,0,0,0,0,0,0,0.012574222843171499,0.09549423681453022
4,112,0,0.03619320400989454,0,0,0.03996875406848067,0,0,0.06737403983856269,0,0,0,0,0,0.02460617107147507,0.028837390964718136,0.04048951959380289
4,17,0.016960851986983532,0.020806626565427474,0,0,0,0,0,0,0,0,0.015629622325214476,0,0,0.014199783058869934,0.01883443447391776,0.18163889162804459
4,18,0,0,0,0,0,0,0,0.050331568150374505,0,0,0,0,0,0.037450503315681505,0.018176613711177902,0.062449310624493104
4,19,0.03558282208588957,0.020133853876185166,0.015950920245398775,0,0,0.02147239263803681,0.026045733407696597,0,0,0,0,0.007306190741773564,0,0,0,0.07479085331846068
4,20,0,0.0067196995899006864,0.02613765502248135,0.029695143040664066,0,0.03611838529571619,0.007609071594446366,0.008449034043183952,0,0,0,0.034685508177281485,0.030189238598744998,0,0,0
4,21,0.017406688734162765,0.05969638169158772,0,0.022885515352128752,0.020431457596164822,0,0.017121333181143707,0.013468782102499714,0,0,0,0.03504166191074078,0,0,0,0
4,22,0,0,0.012234669811320755,0.01768867924528302,0,0,0,0.011743317610062894,0,0.02559944968553459,0.01537932389937107,0.12627751572327045,0.02250393081761006,0.011939858490566039,0,0.01768867924528302
4,23,0,0,0.006588189701109335,0.030567262510294048,0,0,0,0.011238676548951219,0.03429734050283389,0.021847599670590516,0.011529331976941335,0.03870561449401734,0,0.0169548999660902,0,0
4,24,0,0,0,0.008683382177358081,0.028492347769456205,0,0.014870291978725714,0,0,0,0,0.07500271355693043,0,0.05736459350917182,0.010202974058395745,0
4,25,0,0,0.013873506266394638,0.042261731273681144,0,0,0,0,0,0.019935878752550276,0.023724861556397553,0,0,0.028737977266103176,0,0
4,26,0.022299478519990066,0.02582567668239384,0,0.0823938415694065,0,0.008045691581822697,0.013210826918301465,0.0776260243357338,0,0.005711447727837099,0,0.01842562701763099,0,0.016786689843555996,0,0
4,27,0,0,0,0,0,0,0,0.030474359699214113,0,0,0,0,0.04031209362808843,0.04986713405325945,0,0.10386159326058687
4,28,0,0,0,0,0.01761695036305202,0,0,0,0,0.02077133674562552,0,0.0997500297583621,0.0074991072491370075,0.01928341864063802,0,0
4,29,0,0,0,0.012567004169148303,0,0,0,0.08957712924359738,0,0,0,0.01876116736152472,0,0,0,0
4,30,0,0,0,0,0,0,0,0,0.016202203499675955,0.08256642903434867,0,0,0,0,0.014322747893713544,0.10304601425793908
4,31,0,0.048888648531718135,0,0.05305283651506138,0,0,0.020442377372775947,0.11584013844573035,0,0,0,0,0.027472824617381427,0,0,0
4,32,0,0,0,0,0.04159703986631654,0,0,0.05699450942945811,0,0.022797803771783243,0.01706851277154452,0.024051086178085462,0,0.029362616376223442,0,0
4,33,0,0,0,0,0,0.00891370885464211,0,0.13010793105299898,0,0,0,0,0,0,0,0.05353595016914568
4,34,0,0.016034494374452604,0,0,0.011790069392979855,0.030856295897055852,0.031664757798288756,0,0,0,0.013137505895034696,0.06898874890520784,0.029306743919692783,0,0,0
4,35,0,0.026881720430107527,0,0.07374220098234435,0.023164741802734635,0.03590866852515598,0,0.05130757998141511,0,0,0,0.027346342758529138,0,0,0,0.011084561263772733
4,36,0,0,0,0.012812203998205294,0.0183458796550177,0.0539907273543048,0.020240291141133657,0.06146866743107832,0,0,0,0,0,0,0,0
4,37,0,0.02971037060105886,0,0.039302398006851445,0,0,0,0,0.0368732482092806,0.014574898785425101,0.02971037060105886,0.017626907505450016,0,0.011024602927436936,0,0
4,38,0,0.023009291014528904,0.06410176466920246,0.005113175781006423,0,0,0,0.05668142420652242,0,0,0,0,0.03753819292885203,0,0,0
4,39,0.008935980085530095,0,0,0,0,0,0,0,0,0.016595391587413032,0.03695666049658518,0,0,0,0.009063636943894811,0.04244590540626795
4,40,0.009536784741144414,0.042643051771117164,0.022888283378746595,0,0.016825613079019072,0.008855585831062671,0,0.06764305177111717,0,0,0,0,0,0.027588555858310628,0,0.046185286103542236
4,41,0.041891305694986676,0.02330048955815827,0,0,0,0,0.017599305942864227,0.0559583565718535,0,0.01375720394125302,0,0.0190865712338105,0,0.024973663010472828,0,0.010410857036623908
4,42,0,0.03162101798518867,0,0.057952274597390385,0.037792406253673444,0,0,0,0,0,0,0,0,0.024979428705771717,0.01775008816268955,0.04161278946749736
4,43,0,0,0,0,0.04405785509564754,0,0.018263014063853895,0.07291874958341665,0,0,0,0,0,0,0,0.035326268079717386
4,44,0,0.03440251572327044,0,0.012264150943396227,0,0,0,0.041257861635220126,0,0,0.015220125786163522,0.02610062893081761,0.011320754716981131,0.023333333333333334,0,0.03264150943396226
4,45,0,0.01561319566859733,0,0.04376731301939058,0,0.007907328128934778,0.031327121631830775,0.03102493074792244,0,0.007806597834298665,0,0,0,0,0,0
4,46,0,0,0,0,0,0,0,0,0,0.05198872533667397,0.012026307547760727,0.06414030692139054,0.042593172564985904,0,0,0.051926088318196055
4,47,0,0,0,0,0,0,0,0,0,0.06173218673218673,0,0,0,0,0.029606879606879608,0.06627764127764128
4,48,0,0,0,0.013650868691644013,0,0,0.010873419217586574,0.01252806996808888,0,0.013237206004018438,0.03072922822361423,0.07085450892329512,0,0.02269235314974589,0,0.07629121853208841
4,49,0,0,0,0,0,0,0.013828389684021296,0,0,0.023508262462836202,0.030560741201687065,0.0565581138076471,0.021503145958653117,0.059323791744451355,0,0
4,50,0,0,0,0,0,0.022437280404364175,0,0.11385070578807865,0,0.03149848979843432,0,0,0.036799605498366514,0,0,0.015410220057942427
4,51,0,0.020675771260677947,0,0,0.015234778823657435,0,0,0,0,0.010011426084117743,0.02301539800859677,0,0,0.033407693563305946,0,0.04679253495837641
4,52,0,0.027512633352049412,0.05259217667976792,0.045355293530476015,0.03556054650945162,0,0,0,0,0,0,0.04186162580323164,0,0,0,0
4,53,0,0.009812235009085403,0,0.060205935796486976,0,0.07565112053301029,0,0.06511205330102968,0,0,0,0,0,0.014536644457904301,0,0.037734706238643244
4,54,0.012796320320792547,0,0,0.0268899634390848,0,0,0,0,0,0,0.018693242127609387,0.047765066635216416,0.011734874395565515,0.059323033376577426,0.028187286236584504,0.04699846680033023
4,55,0,0,0,0.022078438049832567,0,0,0,0,0.011294625120608434,0.03808388671320733,0,0.05959475566150179,0,0.01884329417106533,0.03558658266643964,0.01339463079629945
4,56,0,0.009585842448076688,0,0.08571955266068576,0.03508664126828069,0.01204375076809635,0,0.012289541600098316,0,0,0,0,0,0.02679120068821433,0.018557207816148457,0.016836671992134695
4,57,0,0.008777811642791832,0,0.11734227369704359,0,0,0,0,0,0.05443462359036879,0,0.05260591283145383,0,0,0,0
4,58,0,0,0,0,0.03209800918836141,0.06701378254211332,0.00790199081163859,0,0,0,0,0,0,0,0,0.06597243491577336
4,59,0,0.012241823089961705,0,0,0.014376294808211438,0.008977336932638583,0.04093163412643606,0,0,0,0,0.06102077970996296,0.01927302404419612,0.01801745244522569,0,0.06095800113001444
4,60,0.01974936027819697,0.01318811101633751,0,0.06252870546552064,0,0.05196509415392691,0,0.018830785381536645,0.02407978479102421,0,0,0,0,0,0,0.0363493209107014
4,61,0,0.011066742726754135,0,0.04632059326868226,0.029207073588134628,0.016942384483742155,0,0,0,0,0,0.004791785510553337,0,0.009013120365088419,0,0
4,62,0,0.0141086186540732,0.03783943329397875,0.13618654073199526,0.04173553719008265,0.017001180637544275,0,0,0,0,0,0,0,0,0,0
4,63,0,0.021852787405275215,0,0.0679668683545791,0.023203900605063738,0.015860894084473946,0,0.013099923632732186,0,0.021676555248781062,0,0,0.015214709510662046,0,0.019796745579510073,0.014803501145509016
4,64,0,0.03577403165615751,0.014219534165487067,0.012289280658859864,0,0,0.020589370737356838,0,0,0,0,0.05070132544074122,0,0,0,0.03217089177712006
4,65,0,0.014243323442136498,0.013649851632047478,0.09627431585888559,0,0,0,0,0.019914276294098254,0.030794592812396968,0,0,0,0.018793273986152326,0,0
4,66,0,0,0,0,0,0,0,0,0.015279707033716379,0.022793281980047986,0.059098371006440206,0.10026518499810583,0.013574946331607525,0,0.019004924864250535,0.015279707033716379
4,67,0,0.013485235991629853,0,0,0,0.04063008602650547,0,0,0,0,0.010288305045338293,0.06672866775168565,0,0,0,0
4,68,0,0,0,0,0,0,0,0.030270914751275087,0,0.018215539511161158,0.05822348811022057,0,0,0.06517851228720938,0,0.038616943763661656
4,69,0,0,0.010155202146004981,0.05422494730791339,0,0.04809350450277831,0,0,0,0.011432586063741458,0,0.05384173213259245,0,0.008239126269400269,0,0.021076834642651848
4,70,0,0.012110508389050083,0,0,0,0,0.04112526807114924,0.11145452251797654,0,0.01028131701778731,0,0,0.016904251293049073,0.04610823766872713,0,0
4,71,0.04679967862881628,0,0,0,0,0.07137118371719336,0,0,0,0,0.010444563470808785,0.07324584895554365,0,0,0,0
4,72,0.011031653639336992,0,0.08470536060757249,0,0,0,0,0.055213703642108765,0,0,0.012029491656965464,0.026387272021730693,0,0,0,0.005488109096956594
4,73,0,0.030999829671265543,0,0,0,0,0,0,0.03968659512859819,0.009595185374439335,0,0,0,0.010049395332992676,0.022710497927667064,0.06523590529722365
4,74,0.016539288273226652,0,0,0,0.021435395271077143,0.023823740148077383,0.016360162407451636,0,0,0,0,0,0.004060186290900406,0.010150465727251015,0.020062096966802005,0.12162646286123717
4,75,0,0,0,0,0,0,0,0,0,0.011783014673188083,0.01728546020453535,0.05841485104490885,0.007336594041796354,0.04190751445086705,0,0.05252334370831481
4,76,0.01151801535735381,0,0.02244536326048435,0,0.011399881866509155,0.06674542232722977,0,0,0,0,0,0,0,0,0.01021854695806261,0.0874187832250443
4,77,0.014683204827355011,0,0,0,0.011733154542406973,0.024472008045591687,0.008984244049614482,0.01562185719074757,0,0.013208179684880993,0.025812939993295342,0,0,0.037881327522628225,0,0.05531344284277573
4,78,0.008963393773520355,0.03612726650701334,0,0,0.016353061922682176,0,0.0230585015395142,0.0603489565514882,0,0.013410879233664044,0,0,0,0.03913787204926446,0,0
4,79,0.028507215519280815,0.0333569907735983,0,0,0,0.02265199905370239,0.010054412112609415,0.1334871066950556,0,0,0,0,0,0,0,0
4,80,0,0.024687124978570205,0.016400937196411225,0.009371964112234985,0,0,0,0,0.03943082461854963,0.03314475112863592,0,0,0,0,0,0.0658323332761872
4,81,0,0,0,0,0,0,0,0,0,0,0.026693420892618266,0.13760184847379303,0,0.02426121853338198,0,0
4,82,0,0,0,0,0,0.017011405374057608,0,0.08247954120755203,0,0.05109865326374122,0,0,0.041433082028481213,0,0,0
4,83,0,0.010721182659652394,0,0.07877738562961976,0,0,0,0,0.0415529067057335,0.03123127122594393,0,0.05507091962442565,0,0.01425051608177399,0,0
4,84,0,0,0.00590974212034384,0,0.022445081184336198,0.05032234957020057,0.037667144221585486,0.02865329512893983,0,0,0,0,0,0,0.021012416427889206,0.044890162368672396
4,85,0,0,0,0.05020616056269706,0.03601746301236963,0.0432937181663837,0,0,0,0,0.0013339801115692456,0,0,0.021040504487024013,0.0161896677176813,0
4,86,0,0.038511579495186056,0.012360135310954984,0.040658339838667706,0,0,0,0,0.04052823315118397,0.01249024199843872,0,0.043911007025761124,0,0.02114233671610721,0,0
4,87,0,0,0,0,0,0,0.011399662731871839,0.07251264755480608,0,0.03784148397976391,0,0,0.04836424957841484,0.029072512647554807,0,0
4,88,0,0.029379293424926397,0.00993621197252208,0.14787782139352307,0,0,0,0,0,0.05017173699705594,0,0,0,0.02116045142296369,0.009016192345436703,0
4,89,0.03790613718411552,0,0,0,0.004108054276111042,0.038777542636623925,0,0,0,0.015000622432466077,0,0.06628905763724637,0,0,0,0
4,90,0,0.02060282334986646,0,0,0,0,0,0,0.038916444105303316,0.027152486328373394,0,0,0,0.019839755818389926,0,0.14053160371359533
4,91,0,0.00798990748528175,0,0.04571668869398054,0,0.03568424846810044,0,0,0,0,0.012795866874924906,0.045476390724498376,0.025771957226961434,0.03213985341823861,0,0
4,92,0.01952149336137768,0.029380833442881556,0,0,0.014460365452872355,0.02609438674904693,0.023399500460102536,0,0,0.006309977652162482,0,0,0,0,0.010582358354147496,0.05258314710135402
4,93,0,0,0.013906658508093675,0.050675863603493354,0.0092340212493742,0,0,0,0,0,0,0,0.02458697224230962,0.062413083384324414,0,0
4,94,0.007174424611146186,0.02703323193479883,0,0.01572633874763244,0.030132583366813983,0.029960397176146472,0.013315732078287321,0.07708201802215463,0,0,0,0,0,0,0,0.01446364001607071
4,95,0.02870485678704857,0,0,0.06500622665006227,0.0136986301369863,0.03163138231631382,0.015255292652552927,0.03854296388542964,0,0.009962640099626401,0,0,0,0.0030510585305105853,0,0
4,96,0,0.046751235781073194,0.011434697159192424,0.06443928294919897,0,0,0,0,0.01060091715800131,0.008397355726281936,0,0.046751235781073194,0.031385861473408376,0,0,0
4,97,0,0.013434779628487216,0.022071423675371855,0.04688463911165947,0,0.04236068270614847,0,0,0,0,0,0,0.04530810884913291,0.012954966070326958,0,0
4,98,0,0,0.011549566891241578,0,0,0,0,0,0.013886979238278564,0.0519730510105871,0,0,0.011755809157156606,0.018768046198267566,0,0.04626701498693799
4,99,0.022389087903003584,0,0,0.059107192063929455,0.024042435932763846,0.06406723615321025,0.04464039680352714,0.01894461284100303,0,0,0,0,0,0,0,0
99,100,0,0,0.014211886304909561,0,0.037338501291989665,0.031395348837209305,0.005297157622739018,0,0,0.044444444444444446,0,0.04825581395348837,0,0,0,0
99,101,0.023910482921083626,0.026619552414605417,0,0,0.01713780918727915,0,0,0.06937573616018845,0,0.008362779740871613,0,0,0,0.015547703180212015,0.017314487632508833,0
99,102,0,0,0,0,0.029336495849197928,0,0,0.01654079021284564,0,0.044441670307721115,0.02815055239997503,0.05910991823232008,0,0.028275388552524813,0,0
99,103,0.03190169551603946,0.024576120990134107,0.00886158208778874,0,0,0.013705913629113251,0.024694275417971288,0,0,0,0,0.019081940095705085,0,0,0,0.0702428073492054
99,104,0.03373255686188331,0.01280079112185474,0,0,0,0,0,0.02543676519063839,0,0.030710910888913305,0,0.11191077903527084,0,0.00846060872431601,0.024063289748379298,0.009998901219646193
99,105,0.04232673267326733,0.01967821782178218,0,0,0,0.03551980198019802,0,0,0,0.009962871287128713,0.03248762376237624,0.021967821782178217,0,0,0,0.03440594059405941
99,106,0,0,0,0,0.034374573728004364,0.006956758968762788,0.036216068749147456,0.012276633474287273,0,0,0,0,0,0.05326694857454645,0,0
99,107,0.030240902101486417,0.037872316191127055,0,0,0,0,0,0.021185716726465062,0,0,0.023919357594396035,0,0,0,0.01224443305427416,0.06281678911099721
99,108,0.02500461907987929,0.07094906694586438,0,0.04692985157356654,0,0,0.008622282441337685,0,0,0,0,0,0,0,0,0
99,109,0.012518230432668935,0,0.008385999027710258,0,0,0.029411764705882353,0,0,0.01391589693728731,0.011059795819154108,0.03384783665532329,0.003038405444822557,0.010330578512396695,0,0,0
99,110,0.015158103994533143,0,0,0,0,0,0,0,0,0.025843324843138473,0,0,0,0.009567000062123377,0,0.06473255886189973
99,111,0.011596227733147049,0,0.013831645127488648,0.03765281173594132,0,0.023122598672720922,0.012504366049598323,0,0,0.03346140412155082,0,0,0.02256374432413552,0.014739783443939922,0,0
99,112,0.03157140997265981,0.03384975914594454,0,0,0.004686889727900013,0.015883348522327822,0,0,0,0.009503970837130582,0.0413357635724515,0.05194636115089181,0,0,0,0.011521937247754199
99,17,0,0.017355290405285474,0,0.06813923676166059,0,0.006705453111133025,0,0,0,0.009515826841534366,0.02514544916674884,0.01691154718469579,0.02514544916674884,0.008677645202642737,0,0
99,18,0.030532894422976003,0.039740470397404706,0.005390964171556701,0,0,0,0,0,0,0,0.0125471113019417,0.038166118028720004,0,0.008730499499069701,0.008348838318782501,0.04126711511855351
99,19,0,0,0,0.023424428332403793,0,0,0,0,0.02091466815393196,0.047183491355270495,0.009258226436140547,0.05666480758505298,0,0.013943112102621304,0.01600669269380926,0.01946458449525934
99,20,0,0,0,0.01502050496566036,0,0,0,0.06536884233410742,0,0.033845545728543903,0,0,0.029003409259350757,0.006423242255052127,0.042936903997233065,0.023716586787884776
99,21,0,0,0,0,0,0,0,0.07287980824106838,0,0.030647186394247232,0,0,0.010843511014724347,0,0.03378609747745691,0.038637141878780965
99,22,0,0.028645833333333332,0,0.04161753144654088,0,0,0,0.03690055031446541,0.020685927672955975,0.006240172955974843,0,0.017148191823899372,0.009139150943396226,0.013217374213836479,0.010858883647798741,0.02112814465408805
99,23,0,0,0,0,0,0,0.01617981882478322,0.031681441650922834,0,0.03575061764278448,0,0,0.02102407595795185,0.00925253112435208,0.008283679697718356,0.01186842997626314
99,24,0,0,0.022413980245305547,0.04922392271789862,0.015467274503419082,0.014653207424291761,0,0.020243134700966028,0,0.04819277108433735,0,0,0,0,0,0
99,25,0,0,0,0,0.012357913144855728,0.04972311279510347,0.053162343340134074,0.09693966773535412,0,0.013407169921305742,0,0,0,0,0,0
99,26,0,0.011621554507077228,0,0.03858952073503849,0,0.00685373727340452,0.028060591010677923,0,0,0,0,0.06088899925502856,0.023888750931214304,0.023640427116960516,0,0.02413707474546809
99,27,0,0,0,0.022332786792559508,0.03132244021032397,0.02250240289478148,0,0.013625826878498332,0,0.025555492734776954,0,0.048001356928817775,0,0,0.01831853903997286,0.044043647876971785
99,28,0.015533865016069516,0.04785144625639805,0.042435424354243544,0,0.008867991905725509,0,0,0,0,0,0,0.1011189144149506,0.007201523628139507,0,0,0.043923342459231046
99,29,0,0.00905300774270399,0.03704586063132817,0,0,0.01512805241215009,0,0.05497319833234068,0.03323406789755807,0,0.008576533650982729,0,0,0.009231685527099465,0.007385348421679571,0
99,30,0,0,0,0,0.034154244977316915,0,0,0,0,0.03084899546338302,0,0.017563188593648735,0.004536616979909268,0,0.043810758263123785,0.03285806869734284
99,31,0,0,0,0,0,0,0.009572224325347467,0.03304310204964577,0.01362825158185063,0.058460872857065596,0,0,0.00297441998810232,0.006057000703044725,0.01881996647017468,0
99,32,0,0,0,0,0,0.05466698496061113,0,0,0,0,0,0.048161852470756744,0,0,0.027691573167820484,0.00853425638577226
99,33,0,0.041293024754336036,0,0.07603501047092305,0,0.00891370885464211,0,0.013370563281963163,0.008269344359125812,0,0.011759652043172421,0,0,0,0.006819524244214144,0
99,34,0.037323991106919086,0,0,0,0,0,0,0,0,0.02384962608637068,0.0503267533517483,0.030856295897055852,0,0.031664757798288756,0,0
99,35,0.006106464887826895,0.005110845612637727,0,0,0,0.02854108588875614,0,0,0,0.025819726536572416,0,0.026881720430107527,0.021704500199123854,0.014204168326032125,0,0
99,36,0.007876763547534773,0.006879704870631637,0,0,0.012712498130514982,0,0,0,0.004885587516825365,0,0,0,0,0.030809113116306894,0,0.10972630739319009
99,37,0.016941762690750546,0,0.018125194643413268,0.036686390532544376,0,0,0,0,0.021301775147928994,0.021986919962628464,0,0,0.006913734039240112,0.031765805045157275,0,0
99,38,0,0,0,0.05131882521668641,0,0.01652428758495978,0.03192617073018644,0.020826837937270064,0,0,0,0,0,0.026750639146972625,0,0
99,39,0.02195697963873109,0,0,0.058530669560222126,0,0.041743792685262016,0.035105636050296804,0.0187655581796132,0,0,0,0,0,0,0,0
99,40,0.01444141689373297,0.043596730245231606,0.03106267029972752,0,0,0,0,0,0,0.023365122615803816,0,0,0.0111716621253406,0,0,0
99,41,0,0.02379624465514036,0.0081799591002045,0,0,0.009047530519923158,0,0,0.03581830575695606,0.012827663134411601,0,0.0210076222346161,0,0.009419346842659725,0.008117989713081737,0.07219433599801697
99,42,0,0,0,0.043846244269425176,0,0.04837192899964735,0.014811331844363465,0,0.034030798166216056,0,0,0.00869871870224521,0.006171388268484777,0.008169742564946514,0.00664158927941695,0
99,43,0.04492434846364061,0.0423248683596614,0,0.0427247883756582,0,0.012130907151902954,0,0.013597280543891222,0,0.007331866959941345,0,0,0,0,0.023461974271812305,0
99,44,0.0330188679245283,0.011635220125786163,0.014213836477987421,0,0,0.022767295597484277,0,0,0,0.008490566037735849,0.014025157232704403,0.11735849056603774,0,0.00830188679245283,0,0
99,45,0,0,0.022966507177033493,0.09992445227902291,0,0.00775623268698061,0,0,0.0053890707630319815,0.029614706623016872,0,0.11402669352807857,0.019491312012087637,0.013800050365147318,0,0.012692017124150088
99,46,0,0,0,0,0.002380206702160977,0,0,0.04152834325086126,0.02611963670529283,0.0223614155966176,0,0,0,0.013654870028186659,0.0499217037269026,0.005010961478233636
99,47,0,0.03151105651105651,0.007125307125307125,0.018673218673218674,0,0.031265356265356266,0.024877149877149878,0,0.019840294840294842,0,0,0,0.008476658476658476,0,0,0
99,48,0.03782058858290982,0,0,0.06659969270771776,0,0.03161564826852618,0.040243470039002485,0,0,0,0,0,0,0,0,0
99,49,0.023162552720735672,0,0,0.042937149968886125,0.015349512549263639,0,0.01576436423978428,0,0,0.04895249948143539,0.01140842148931757,0,0,0.024821959482818227,0.005047362234667773,0
99,50,0.014300684213770573,0.04641558281452259,0.007890032669666524,0,0,0.024101584170621956,0,0,0,0,0.01886210935092153,0.04672378721568144,0,0,0,0
99,51,0,0.010011426084117743,0.01654061700854236,0.01605092768921051,0,0.01104521464715164,0.01294956200010882,0.06115675499211056,0,0.03046955764731487,0,0,0.014200990260623539,0,0,0.010065836008487948
99,52,0,0.02582818641212802,0.012165450121654502,0,0.00673778775968557,0,0,0,0,0.015409570154095702,0.013101253977166386,0.09694927943103125,0,0,0,0
99,53,0.013385826771653543,0.03264688067837674,0.01980617807389461,0,0,0.016959418534221685,0,0,0,0,0.009145972138098122,0.037431859479103574,0,0.006965475469412477,0,0.007631738340399758
99,54,0.009965797853520463,0.014034673900224084,0.029956362778629557,0,0,0,0,0,0,0.011027243778747494,0,0.03131265479419743,0,0.010732397688406652,0,0
99,55,0.015097338100913786,0.020943299846756344,0,0,0.003518928429536296,0,0.009535160905840286,0,0,0,0,0,0,0.026562233951983653,0,0.037573074521823034
99,56,0.03963377166031707,0.013272704928106182,0,0,0,0.024763426324198107,0,0.06722379255253778,0,0,0,0,0,0,0.02672975298021384,0.025930932776207446
99,57,0.034074977141115514,0,0.03102712587625724,0.0226150563852484,0,0.040536421822615055,0,0,0,0.008594940566900335,0,0,0,0.01054556537640963,0,0
99,58,0,0,0.01856049004594181,0,0,0.027381316998468606,0.011026033690658498,0.0384073506891271,0,0.011699846860643185,0,0,0,0.007656967840735069,0,0
99,59,0.02410697470023228,0.01243015882980727,0,0,0,0,0,0.0637830372276979,0,0.025111431979408627,0,0,0,0.011927930190219097,0.022976960261158894,0
99,60,0.027294796929335344,0.05032478183846204,0.0181746604553507,0.04212322026113772,0,0,0,0,0,0,0,0,0,0,0.011547798700872646,0
99,61,0.0286936679977182,0,0.04164289788933257,0,0,0.02190530519110097,0,0.06069594980034227,0,0,0.008784940102681119,0,0,0,0,0.10462065031374786
99,62,0.028925619834710745,0.04551357733175915,0,0,0,0,0,0,0,0,0.020484061393152304,0,0,0,0,0.052597402597402594
99,63,0.01815191211889796,0.011983786641602538,0,0,0.020912882570639724,0,0,0.007989191094401691,0,0.034482758620689655,0.010103976972331551,0.06085883804264818,0,0.014216060623861835,0.009692768607178524,0.008635375668213593
99,64,0,0,0.009007849697593617,0,0.021168446789345,0.023935143482177325,0.03879809548320679,0,0,0,0,0,0.023935143482177325,0,0.011066786771329301,0.0606099601080942
99,65,0.04081767227167821,0.04490603363006924,0,0,0,0.018595450049455984,0,0,0,0.011869436201780416,0.02723376195186284,0,0,0,0,0
99,66,0,0,0,0,0,0,0,0,0.017173885591615104,0.015784821315822706,0,0,0,0.04552342467483268,0,0.048112135370627605
99,67,0,0.026737967914438502,0.006161357823761916,0.010811439200186004,0.027958614275749825,0,0,0,0,0,0.053475935828877004,0.01749593117879563,0.004068821204371077,0,0,0
99,68,0.028482479962906537,0,0,0,0,0.06656951712260714,0.035503742465390474,0,0,0,0,0,0,0,0,0
99,69,0.006642396372229673,0.033595197036469314,0.03263715909816695,0.032701028294053774,0,0.022162610972727852,0,0,0.020757488663217732,0,0,0.03627770326371591,0,0,0,0
99,70,0.030276270972625204,0.03450233379588747,0,0,0,0.01053361927589252,0.02113031411631134,0.039233001135360164,0,0,0,0,0,0,0,0
99,71,0.005088377075522228,0.04318425281199786,0.03822978039635779,0,0,0,0,0,0,0,0,0,0.01238618103910016,0.006963042313872523,0,0
99,72,0.018681745107821942,0.05366151117024225,0,0,0,0,0,0.018681745107821942,0.007594656023061145,0,0.013969732246798603,0.032540606463772936,0,0,0,0.07284217528687843
99,73,0,0,0.03804008402884233,0.08101970135695225,0.0022142735479475386,0.01481859989780276,0,0.010787486515641856,0.03378186566740476,0.012717878839493556,0,0,0,0.008686765457332652,0,0
99,74,0,0.02889897301170289,0,0,0,0.024958203964652495,0.011882015763076188,0.03809410078815381,0,0,0.014628612371626463,0,0.03761643181275376,0,0.012837353713876284,0
99,75,0.004891062694530902,0,0,0.031625166740773675,0.006002667852378835,0.034959982214317474,0,0,0.015395731436193863,0.0115051133837261,0.007003112494441974,0.049911071587372166,0,0,0,0
99,76,0.005316007088009451,0,0,0,0,0.059775546367395155,0.02279976373301831,0.06107501476668636,0,0,0,0,0,0,0,0.013880685174246898
99,77,0.0333221589004358,0.015353670801206839,0.008045591686221924,0,0.006302380154207174,0,0.01582299698290312,0.04887696949379819,0,0,0,0.019711699631243713,0,0.03151190077103587,0,0
99,78,0,0.01881628463906945,0,0,0,0.031748203900102634,0,0,0.030516592541909,0,0.02175846732808758,0,0,0,0.014095107765993842,0.0569278138898392
99,79,0,0.011118996924532765,0,0,0.014076176957653182,0,0,0,0,0,0,0,0,0,0.028921220723917673,0.030577241542465106
99,80,0.01445796902680153,0.013715069432539003,0,0,0,0,0,0.09251957254700269,0,0,0,0,0,0,0.048974227098691356,0.007829018801074348
99,81,0.01659978110178767,0.04025294904536057,0.024443633710324698,0.006506141310957072,0.007539827313632494,0.02420041347440107,0,0,0,0,0,0,0,0.005776480603186185,0,0
99,82,0.02680585089245441,0.05142083897158322,0,0.02931889941362201,0,0,0,0,0.009472259810554804,0.021264256717572007,0,0.05303176751079322,0,0,0,0
99,83,0.045215422521142704,0,0,0,0,0.041419724312445894,0,0,0,0,0,0,0,0,0.03575947259772258,0
99,84,0,0,0,0,0.007879656160458453,0.01916189111747851,0,0.016057784145176696,0,0.025549188156638012,0.012117956064947468,0.042800859598853866,0,0,0,0.04315902578796561
99,85,0,0,0.029347562454523406,0.06882124666504973,0,0,0,0.020009701673538684,0,0,0,0.009459131700218287,0,0,0,0
99,86,0,0.03454332552693208,0,0,0,0,0,0,0,0.013400988810824877,0.02660681759042415,0.0351288056206089,0,0,0.009172521467603435,0
99,87,0.044586846543001685,0.026374367622259698,0.009713322091062395,0.022259696458684655,0,0.014569983136593592,0,0,0,0,0,0.06279932546374367,0,0,0,0
99,88,0.026803238469087342,0,0,0,0,0.03109666339548577,0,0,0,0,0.048331697742885184,0.012328263002944062,0,0,0,0.025944553483807656
99,89,0,0,0,0.02931656915224698,0,0.016805676584090625,0.02296775799825719,0.020042325407693264,0.026515623054898543,0.02035354164073198,0.0309348935640483,0,0,0,0,0.05184862442424997
99,90,0.027152486328373394,0.04400356098181356,0.033129848658272926,0,0,0.013989571410403153,0,0,0,0,0,0,0,0,0,0
99,91,0.034422684128319114,0.012795866874924906,0,0,0,0.021266370299170972,0,0,0,0.01700108134086267,0.017361528295085908,0.09425687852937642,0,0.017361528295085908,0,0
99,92,0,0,0,0.043183909556986984,0.038648613119495204,0.02431970553437623,0.0051268568423820165,0,0,0.010779545155777573,0.010056526883133956,0,0,0.012094123833311423,0,0
99,93,0.03743672470378817,0.031540301496356456,0,0,0,0,0,0,0,0,0.014629804750514546,0.0070089558880792125,0,0.011514713244701564,0.00956778105356845,0.04756077209768037
99,94,0.028410721460138896,0.02818113987258222,0.005050794926246915,0,0,0,0.007977960167594559,0,0,0.02381908970900534,0,0.03208402686104574,0,0,0,0.030591746541927336
99,95,0.039850560398505604,0.009402241594022417,0,0,0,0.01855541718555417,0,0,0,0,0,0,0,0.02683686176836862,0.017496886674968865,0.05510585305105853
99,96,0.027633851468048358,0.013221368590316241,0.054612590078017983,0,0,0,0,0,0,0,0,0.07754154011077363,0,0,0,0
99,97,0.04482829529097265,0.05175131948728494,0,0,0,0,0,0.05696072383302488,0,0.01919254232641031,0.03303859071903489,0,0,0,0,0.027075193639043114
99,98,0.02344287089234154,0.06304138594802695,0.01395572666025024,0,0.011549566891241578,0,0.008249690636601128,0,0,0,0,0.0761033961226454,0.010380860717723085,0,0,0
99,99,0.03368696610636539,0.020391292367043262,0,0,0,0.025144667952604022,0,0,0,0.032722513089005235,0.029898043538164783,0.0168779278038027,0,0,0,0.032309176081565166
