ID,eyetrial,window,Condition,sum,Target_obj,Target_subj,Target_prop,SubjComp_prop,ObjComp_prop,Distr_prop
1,17,adverb,GG,1,berries,grizzly,1,0,0,0
1,17,early,GG,1,berries,grizzly,0,0,0.23601637107776263,0.7639836289222374
1,17,nuclear,GG,1,berries,grizzly,0.5245614035087719,0.47543859649122805,0,0
1,17,prenuclear,GG,1,berries,grizzly,0.44345238095238093,0.4126984126984127,0.00496031746031746,0.1388888888888889
1,18,adverb,CG,1,brownie,zebra,1,1,0,0
1,18,early,CG,1,brownie,zebra,0.4747612551159618,0.4747612551159618,0.417462482946794,0
1,18,nuclear,CG,1,brownie,zebra,0.07670454545454546,0.07670454545454546,0,0.28125
1,18,prenuclear,CG,1,brownie,zebra,0.5343283582089552,0.5343283582089552,0,0
1,19,adverb,GG,1,bagel,panda,0.7871345029239766,0.7871345029239766,0,0
1,19,early,GG,1,bagel,panda,0.772169167803547,0.772169167803547,0,0
1,19,nuclear,GG,1,bagel,panda,0.23210831721470018,0.23210831721470018,0,0
1,19,prenuclear,GG,1,bagel,panda,0.38740458015267176,0.38740458015267176,0,0
1,20,adverb,GC,1,lemon,zebra,0.7936754795230689,0,0.20632452047693106,0
1,20,early,GC,1,lemon,zebra,0.09691011235955056,0.7345505617977528,0.16853932584269662,0
1,20,nuclear,GC,1,lemon,zebra,0.6844919786096256,0,0.3155080213903743,0
1,20,prenuclear,GC,1,lemon,zebra,0,0.7856420626895855,0.21435793731041455,0
1,21,adverb,GG,1,melon,grizzly,0,0.4732142857142857,0.5267857142857143,0
1,21,early,GG,1,melon,grizzly,0,0,1,0
1,21,nuclear,GG,1,melon,grizzly,0.1492204899777283,0.1403118040089087,0,0.7104677060133631
1,21,prenuclear,GG,1,melon,grizzly,0,0,0.4914054600606673,0.5085945399393327
1,22,adverb,GG,1,lemon,panda,0.536,0.464,0,0
1,22,early,GG,1,lemon,panda,0.1869031377899045,0,0.567530695770805,0.24556616643929058
1,22,nuclear,GG,1,lemon,panda,0,0.7584415584415585,0.09090909090909091,0.15064935064935064
1,22,prenuclear,GG,1,lemon,panda,0.25572519083969464,0,0.4723282442748092,0.2719465648854962
1,23,adverb,GC,1,bagel,zebra,0.2813442481688927,0,0,0.7186557518311073
1,23,nuclear,GC,1,bagel,zebra,0,0,1,0
1,23,prenuclear,GC,1,bagel,zebra,0,0,1,0
1,24,adverb,GC,1,melon,grizzly,0.45553822152886114,0.375455018200728,0,0.1690067602704108
1,24,early,GC,1,melon,grizzly,0,0,0,1
1,24,nuclear,GC,1,melon,grizzly,0.6,0.4,0,0
1,24,prenuclear,GC,1,melon,grizzly,0.04133064516129032,0.3588709677419355,0.35786290322580644,0.24193548387096775
1,25,adverb,GC,1,bagel,panda,0.9885245901639345,0,0,0.011475409836065573
1,25,nuclear,GC,1,bagel,panda,0.19318181818181818,0,0,0.8068181818181818
1,25,prenuclear,GC,1,bagel,panda,0.28294573643410853,0,0.7170542635658915,0
1,26,adverb,CG,1,cabbage,lion,0,0.20784641068447413,0.7821368948247078,0.01001669449081803
1,26,early,CG,1,cabbage,lion,0.6834924965893588,0,0,0.3165075034106412
1,26,nuclear,CG,1,cabbage,lion,0,0,0,1
1,26,prenuclear,CG,1,cabbage,lion,0.8080614203454894,0,0,0.19193857965451055
1,27,adverb,GG,1,garlic,zebra,1,0,0,0
1,27,early,GG,1,garlic,zebra,0,0,1,0
1,27,nuclear,GG,1,garlic,zebra,0.15658362989323843,0.17793594306049823,0,0.6654804270462633
1,27,prenuclear,GG,1,garlic,zebra,0,0,0.7504950495049505,0.2495049504950495
1,28,adverb,GG,1,berries,lion,0.4801980198019802,0.5198019801980198,0,0
1,28,early,GG,1,berries,lion,0,1,0,0
1,28,nuclear,GG,1,berries,lion,0.031578947368421054,0.968421052631579,0,0
1,28,prenuclear,GG,1,berries,lion,0.8908730158730159,0.10912698412698413,0,0
1,29,adverb,GG,1,kiwi,grizzly,0.4859154929577465,0,0,0.5140845070422535
1,29,early,GG,1,kiwi,grizzly,1,0,0,0
1,29,nuclear,GG,1,kiwi,grizzly,0,0,0.10061601642710473,0.8993839835728953
1,29,prenuclear,GG,1,kiwi,grizzly,0.3273986152324431,0,0.6726013847675568,0
1,30,adverb,GC,1,brownie,zebra,0.009183673469387756,0.15612244897959185,0.8346938775510204,0
1,30,early,GC,1,brownie,zebra,1,0,0,0
1,30,nuclear,GC,1,brownie,zebra,0.42857142857142855,0,0.5714285714285714,0
1,30,prenuclear,GC,1,brownie,zebra,0.13530655391120508,0,0.864693446088795,0
1,31,adverb,CG,1,kiwi,grizzly,0.8080110497237569,0,0,0.1919889502762431
1,31,early,CG,1,kiwi,grizzly,0,0.20327421555252387,0,0.7967257844474761
1,31,nuclear,CG,1,kiwi,grizzly,0,0.9482758620689655,0,0.05172413793103448
1,31,prenuclear,CG,1,kiwi,grizzly,0,1,0,0
1,32,adverb,GG,1,melon,lion,0.06906338694418164,0.4323557237464522,0.4985808893093661,0
1,32,nuclear,GG,1,melon,lion,1,0,0,0
1,33,adverb,GG,1,kiwi,lion,0.6284916201117319,0,0,0.3715083798882682
1,33,nuclear,GG,1,kiwi,lion,0,0.728952772073922,0,0.27104722792607805
1,33,prenuclear,GG,1,kiwi,lion,0,1,0,0
1,34,adverb,CG,1,berries,grizzly,1,0,0,0
1,34,nuclear,CG,1,berries,grizzly,0.9971014492753624,0,0.002898550724637681,0
1,34,prenuclear,CG,1,berries,grizzly,0,0,1,0
1,35,adverb,CG,1,bagel,zebra,0.9298597194388778,0.9298597194388778,0,0.07014028056112225
1,35,early,CG,1,bagel,zebra,1,1,0,0
1,35,nuclear,CG,1,bagel,zebra,0,0,0,1
1,35,prenuclear,CG,1,bagel,zebra,0.07388663967611336,0.07388663967611336,0,0.9261133603238867
1,36,adverb,CG,1,berries,lion,1,0,0,0
1,37,adverb,CG,1,bagel,panda,0.8343023255813954,0.8343023255813954,0,0
1,38,adverb,GG,1,cabbage,lion,0.20531400966183574,0,0.7946859903381642,0
1,38,early,GG,1,cabbage,lion,0,0,1,0
1,38,nuclear,GG,1,cabbage,lion,0.47629310344827586,0,0.5237068965517241,0
1,38,prenuclear,GG,1,cabbage,lion,0,0,1,0
1,39,adverb,CG,1,lemon,zebra,1,0,0,0
1,40,adverb,GG,1,brownie,zebra,0.5934765314240255,0.5934765314240255,0,0
1,40,nuclear,GG,1,brownie,zebra,0,0,0,0
1,40,prenuclear,GG,1,brownie,zebra,0,0,0,0
1,41,adverb,GC,1,melon,lion,1,0,0,0
1,41,early,GC,1,melon,lion,0,0,0,1
1,41,nuclear,GC,1,melon,lion,0.08636363636363636,0,0.7931818181818182,0.12045454545454545
1,41,prenuclear,GC,1,melon,lion,0,0,0.6532258064516129,0.3467741935483871
1,42,adverb,CG,1,melon,lion,0,0.24247948951686418,0.3910665451230629,0.3664539653600729
1,43,adverb,GC,1,brownie,panda,0.11756061719324026,0.115356355620867,0.7384276267450404,0.028655400440852314
1,43,nuclear,GC,1,brownie,panda,0.6942355889724311,0,0,0.3057644110275689
1,43,prenuclear,GC,1,brownie,panda,0.23404255319148937,0,0.7659574468085106,0
1,44,adverb,GC,1,berries,lion,0,0,1,0
1,44,nuclear,GC,1,berries,lion,0,0,1,0
1,44,prenuclear,GC,1,berries,lion,0.27906976744186046,0,0.7209302325581395,0
1,45,adverb,GC,1,berries,grizzly,0,0,1,0
1,45,early,GC,1,berries,grizzly,1,0,0,0
1,45,nuclear,GC,1,berries,grizzly,0,0,1,0
1,45,prenuclear,GC,1,berries,grizzly,0.5460251046025104,0,0.45397489539748953,0
1,46,adverb,GC,1,garlic,panda,1,0,0,0
1,46,early,GC,1,garlic,panda,0,0,1,0
1,46,nuclear,GC,1,garlic,panda,0.8758029978586723,0,0.12419700214132762,0
1,46,prenuclear,GC,1,garlic,panda,0,0,0.6052356020942409,0.3947643979057592
1,47,adverb,CG,1,garlic,zebra,0.6412414518674382,0.2077853761178327,0,0.1509731720147291
1,47,early,CG,1,garlic,zebra,0,0.8823529411764706,0,0.11764705882352941
1,47,nuclear,CG,1,garlic,zebra,0,0,0,1
1,47,prenuclear,CG,1,garlic,zebra,0,0,0,1
1,48,adverb,GC,1,garlic,zebra,1,0,0,0
1,48,early,GC,1,garlic,zebra,0,0,0,1
1,48,nuclear,GC,1,garlic,zebra,0.7430406852248393,0,0,0.2569593147751606
1,48,prenuclear,GC,1,garlic,zebra,0,0,0,1
1,49,adverb,CG,1,cabbage,grizzly,0,0.15357142857142858,0.6880952380952381,0.15833333333333333
1,49,early,CG,1,cabbage,grizzly,0.17871759890859482,0,0,0.8212824010914052
1,49,nuclear,CG,1,cabbage,grizzly,0,0,0,1
1,49,prenuclear,CG,1,cabbage,grizzly,0.04990403071017274,0,0,0.9500959692898272
1,50,adverb,GG,1,cabbage,grizzly,0,0.2167741935483871,0.7832258064516129,0
1,50,nuclear,GG,1,cabbage,grizzly,0,0.8706896551724138,0.12931034482758622,0
1,50,prenuclear,GG,1,cabbage,grizzly,0,0,1,0
1,51,adverb,GG,1,garlic,panda,0.6902255639097744,0,0,0.3097744360902256
1,51,early,GG,1,garlic,panda,1,0,0,0
1,51,nuclear,GG,1,garlic,panda,0,0.43238434163701067,0.09252669039145907,0.4750889679715303
1,51,prenuclear,GG,1,garlic,panda,0,0,1,0
1,52,adverb,GC,1,lemon,panda,1,0,0,0
1,52,early,GC,1,lemon,panda,0,0,1,0
1,52,nuclear,GC,1,lemon,panda,1,0,0,0
1,52,prenuclear,GC,1,lemon,panda,0.2901921132457027,0,0.7098078867542973,0
1,53,adverb,GG,1,brownie,panda,0.6414373088685015,0.6414373088685015,0,0
1,53,nuclear,GG,1,brownie,panda,0,0,0,0
1,54,adverb,CG,1,kiwi,lion,1,0,0,0
1,54,early,CG,1,kiwi,lion,0,0,0,1
1,54,nuclear,CG,1,kiwi,lion,1,0,0,0
1,54,prenuclear,CG,1,kiwi,lion,0.047244094488188976,0.297244094488189,0.5531496062992126,0.10236220472440945
1,55,adverb,CG,1,lemon,panda,0.16576297443841984,0.13477924089852827,0.6994577846630519,0
1,55,nuclear,CG,1,lemon,panda,0,0.8327974276527331,0.16720257234726688,0
1,55,prenuclear,CG,1,lemon,panda,0,0,0.0913978494623656,0.9086021505376344
1,56,adverb,GG,1,bagel,zebra,0.6340269277845777,0.6340269277845777,0,0
1,56,early,GG,1,bagel,zebra,0.703956343792633,0.703956343792633,0,0
1,56,nuclear,GG,1,bagel,zebra,0,0,0.5125725338491296,0.44874274661508706
1,56,prenuclear,GG,1,bagel,zebra,0.057203389830508475,0.057203389830508475,0,0.9427966101694916
1,57,adverb,GC,1,cabbage,lion,1,1,0,0
1,57,nuclear,GC,1,cabbage,lion,0.31263383297644537,0.31263383297644537,0.6873661670235546,0
1,57,prenuclear,GC,1,cabbage,lion,0,0,1,0
1,58,adverb,CG,1,brownie,panda,0.7536788227767115,0.7536788227767115,0,0.1413947536788228
1,58,early,CG,1,brownie,panda,0,0,0,0
1,58,nuclear,CG,1,brownie,panda,0,0,0,0
1,58,prenuclear,CG,1,brownie,panda,0,0,0,0
1,59,adverb,GG,1,lemon,zebra,0.5805921052631579,0,0,0.4194078947368421
1,59,early,GG,1,lemon,zebra,1,0,0,0
1,59,nuclear,GG,1,lemon,zebra,0,0.6311688311688312,0,0.36883116883116884
1,59,prenuclear,GG,1,lemon,zebra,0.31583969465648853,0.14599236641221375,0,0.5381679389312977
1,60,adverb,CG,1,melon,grizzly,0,0.2976878612716763,0.5732177263969171,0.12909441233140656
1,60,early,CG,1,melon,grizzly,0,1,0,0
1,60,nuclear,CG,1,melon,grizzly,0,0,0.8372781065088757,0.16272189349112426
1,60,prenuclear,CG,1,melon,grizzly,0,0.8842001962708538,0.11579980372914622,0
1,61,adverb,GC,1,kiwi,lion,0.8184782608695652,0.8184782608695652,0,0.1815217391304348
1,61,early,GC,1,kiwi,lion,0,0,1,0
1,61,nuclear,GC,1,kiwi,lion,0.9844789356984479,0.9844789356984479,0,0.015521064301552107
1,61,prenuclear,GC,1,kiwi,lion,0.6167539267015707,0.6167539267015707,0.3832460732984293,0
1,62,adverb,GC,1,kiwi,grizzly,0.6263736263736264,0.6263736263736264,0.37362637362637363,0
1,62,early,GC,1,kiwi,grizzly,0,0,1,0
1,62,nuclear,GC,1,kiwi,grizzly,0.4878048780487805,0.4878048780487805,0.5121951219512195,0
1,62,prenuclear,GC,1,kiwi,grizzly,0.8366492146596859,0.8366492146596859,0.16335078534031414,0
1,63,adverb,CG,1,garlic,panda,0.8444259567387687,0,0,0.15557404326123128
1,63,early,CG,1,garlic,panda,1,0,0,0
1,63,nuclear,CG,1,garlic,panda,0,0,0,1
1,63,prenuclear,CG,1,garlic,panda,0.18653846153846154,0,0,0.8134615384615385
1,64,adverb,GC,1,cabbage,grizzly,0.8205128205128205,0.8205128205128205,0,0.1794871794871795
1,64,early,GC,1,cabbage,grizzly,0,0,0.9115168539325843,0.08848314606741572
1,64,nuclear,GC,1,cabbage,grizzly,0.9336188436830836,0.9336188436830836,0,0
1,64,prenuclear,GC,1,cabbage,grizzly,0,0,0.1503448275862069,0
1,65,adverb,GG,1,melon,zebra,0,0.3921916592724046,0.6078083407275954,0
1,65,early,GG,1,melon,zebra,0.05320600272851296,0,0.946793997271487,0
1,65,nuclear,GG,1,melon,zebra,0,0.0757238307349666,0.9242761692650334,0
1,65,prenuclear,GG,1,melon,zebra,0.7249747219413549,0,0.2750252780586451,0
1,66,adverb,GC,1,melon,zebra,0.761520737327189,0,0.23847926267281105,0
1,66,nuclear,GC,1,melon,zebra,0,0,1,0
1,66,prenuclear,GC,1,melon,zebra,0,0,0.027918781725888325,0.9720812182741116
1,67,adverb,GC,1,brownie,lion,0.04702495201535509,0,0.9529750479846449,0
1,67,nuclear,GC,1,brownie,lion,1,0,0,0
1,67,prenuclear,GC,1,brownie,lion,0.18739352640545145,0,0.8126064735945485,0
1,68,adverb,GC,1,garlic,grizzly,1,0,0,0
1,68,nuclear,GC,1,garlic,grizzly,0.6595289079229122,0,0.3404710920770878,0
1,68,prenuclear,GC,1,garlic,grizzly,0,0,0.30904522613065327,0.6909547738693468
1,69,adverb,CG,1,cabbage,panda,0,0.40431654676258993,0.5956834532374101,0
1,69,early,CG,1,cabbage,panda,0,1,0,0
1,69,nuclear,CG,1,cabbage,panda,0,0,1,0
1,69,prenuclear,CG,1,cabbage,panda,0,0.43282149712092133,0.5671785028790787,0
1,70,adverb,GC,1,berries,panda,0,0,1,0
1,70,early,GC,1,berries,panda,0.32865168539325845,0,0.6713483146067416,0
1,70,nuclear,GC,1,berries,panda,0.8576271186440678,0,0.1423728813559322,0
1,70,prenuclear,GC,1,berries,panda,0.38598326359832635,0,0.6140167364016736,0
1,71,adverb,GC,1,berries,zebra,0,0,1,0
1,71,early,GC,1,berries,zebra,1,0,0,0
1,71,nuclear,GC,1,berries,zebra,0,0,1,0
1,71,prenuclear,GC,1,berries,zebra,0.6129707112970711,0,0.38702928870292885,0
1,72,adverb,GC,1,melon,panda,1,0,0,0
1,72,early,GC,1,melon,panda,0,0,0,1
1,72,nuclear,GC,1,melon,panda,0,0,1,0
1,72,prenuclear,GC,1,melon,panda,0,0,0.21975806451612903,0.780241935483871
1,73,adverb,GG,1,kiwi,panda,0.91825613079019075,0,0,0.08174386920980926
1,73,early,GG,1,kiwi,panda,1,0,0,0
1,73,nuclear,GG,1,kiwi,panda,0,0,0,1
1,73,prenuclear,GG,1,kiwi,panda,0.4826904055390702,0,0.14540059347181009,0.37190900098911966
1,74,adverb,CG,1,bagel,lion,0.5430508474576271,0.5430508474576271,0.2183050847457627,0.14576271186440679
1,74,early,CG,1,bagel,lion,0,0,0,0
1,74,nuclear,CG,1,bagel,lion,0.22506393861892582,0.22506393861892582,0.7749360613810742,0
1,74,prenuclear,CG,1,bagel,lion,0.4534412955465587,0.4534412955465587,0,0
1,75,adverb,CG,1,lemon,lion,0.9605954465849387,0,0.03940455341506129,0
1,75,early,CG,1,lemon,lion,0,1,0,0
1,75,nuclear,CG,1,lemon,lion,0,0,1,0
1,75,prenuclear,CG,1,lemon,lion,0,0.4414945919370698,0.5585054080629301,0
1,76,adverb,GC,1,kiwi,panda,0.9714285714285714,0.9714285714285714,0,0.02857142857142857
1,76,early,GC,1,kiwi,panda,0,0,1,0
1,76,nuclear,GC,1,kiwi,panda,0,0,0.5631929046563193,0.43680709534368073
1,76,prenuclear,GC,1,kiwi,panda,0,0,1,0
1,77,adverb,GC,1,brownie,grizzly,0,0,1,0
1,77,early,GC,1,brownie,grizzly,0.3539325842696629,0,0.6460674157303371,0
1,77,nuclear,GC,1,brownie,grizzly,0.42606516290726815,0,0.5739348370927319,0
1,77,prenuclear,GC,1,brownie,grizzly,0,0,1,0
1,78,adverb,CG,1,melon,panda,0,0,1,0
1,78,early,CG,1,melon,panda,0,1,0,0
1,78,nuclear,CG,1,melon,panda,0,0.3816568047337278,0.1834319526627219,0.4349112426035503
1,78,prenuclear,CG,1,melon,panda,0,0.10206084396467124,0,0.8979391560353287
1,79,adverb,GG,1,lemon,grizzly,0.9824902723735408,0,0,0.017509727626459144
1,79,early,GG,1,lemon,grizzly,1,0,0,0
1,79,nuclear,GG,1,lemon,grizzly,0,0,0,1
1,79,prenuclear,GG,1,lemon,grizzly,0.6288167938931297,0,0,0.3711832061068702
1,80,adverb,GC,1,bagel,lion,1,0,0,0
1,80,nuclear,GC,1,bagel,lion,0.23674242424242425,0.7632575757575758,0,0
1,80,prenuclear,GC,1,bagel,lion,0,0.3325213154689403,0.6674786845310596,0
1,81,adverb,GG,1,berries,zebra,0.8649237472766884,0,0,0.13507625272331156
1,81,early,GG,1,berries,zebra,1,0,0,0
1,81,nuclear,GG,1,berries,zebra,0,0,0,1
1,81,prenuclear,GG,1,berries,zebra,0.18253968253968253,0.7767857142857143,0,0.040674603174603176
1,82,adverb,CG,1,berries,zebra,0.8157749586321015,0.18422504136789852,0,0
1,82,early,CG,1,berries,zebra,0,1,0,0
1,82,nuclear,CG,1,berries,zebra,1,0,0,0
1,82,prenuclear,CG,1,berries,zebra,0.2387914230019493,0.7612085769980507,0,0
1,83,adverb,GG,1,kiwi,zebra,0.654130288784419,0,0.1134989926124916,0.23237071860308933
1,83,early,GG,1,kiwi,zebra,1,0,0,0
1,83,nuclear,GG,1,kiwi,zebra,0,0,1,0
1,83,prenuclear,GG,1,kiwi,zebra,0.4589515331355094,0,0.5410484668644906,0
1,84,adverb,GG,1,brownie,grizzly,1,1,0,0
1,84,early,GG,1,brownie,grizzly,0,0,1,0
1,84,nuclear,GG,1,brownie,grizzly,1,1,0,0
1,84,prenuclear,GG,1,brownie,grizzly,0.6087824351297405,0.6087824351297405,0.3912175648702595,0
1,85,adverb,GG,1,garlic,lion,1,0,0,0
1,85,early,GG,1,garlic,lion,0.757162346521146,0,0.24283765347885403,0
1,85,nuclear,GG,1,garlic,lion,0.046263345195729534,0,0,0.9537366548042705
1,85,prenuclear,GG,1,garlic,lion,0.903960396039604,0,0,0.09603960396039604
1,86,adverb,GC,1,cabbage,panda,1,1,0,0
1,86,early,GC,1,cabbage,panda,0,0,1,0
1,86,nuclear,GC,1,cabbage,panda,0.023554603854389723,0.023554603854389723,0.6916488222698073,0.284796573875803
1,86,prenuclear,GC,1,cabbage,panda,0,0,1,0
1,87,adverb,GG,1,melon,panda,0,0,1,0
1,87,early,GG,1,melon,panda,0,0.07094133697135062,0.2605729877216917,0.6684856753069577
1,87,nuclear,GG,1,melon,panda,0,0.6592427616926503,0.34075723830734966,0
1,87,prenuclear,GG,1,melon,panda,0,0,1,0
1,88,adverb,GG,1,berries,panda,0.4225352112676056,0,0,0.5774647887323944
1,88,early,GG,1,berries,panda,0,1,0,0
1,88,nuclear,GG,1,berries,panda,0,0,0,1
1,88,prenuclear,GG,1,berries,panda,0.373015873015873,0.37103174603174605,0,0.25595238095238093
1,89,adverb,GG,1,brownie,lion,0.7969413763806287,0.7969413763806287,0,0
1,89,early,GG,1,brownie,lion,1,1,0,0
1,89,nuclear,GG,1,brownie,lion,0,0,0,0
1,89,prenuclear,GG,1,brownie,lion,0.38223552894211577,0.38223552894211577,0,0
1,90,adverb,GG,1,garlic,grizzly,0.5967261904761905,0,0,0.40327380952380953
1,90,early,GG,1,garlic,grizzly,1,0,0,0
1,90,nuclear,GG,1,garlic,grizzly,0,0,0.20106761565836298,0.798932384341637
1,90,prenuclear,GG,1,garlic,grizzly,0.5386138613861386,0,0.4613861386138614,0
1,91,adverb,GG,1,cabbage,panda,0,0,1,0
1,91,early,GG,1,cabbage,panda,0,0,1,0
1,91,nuclear,GG,1,cabbage,panda,0,0,1,0
1,91,prenuclear,GG,1,cabbage,panda,0.3333333333333333,0.34025717111770526,0.3264094955489614,0
1,92,adverb,CG,1,cabbage,zebra,0,0,1,0
1,92,early,CG,1,cabbage,zebra,0,1,0,0
1,92,nuclear,CG,1,cabbage,zebra,0,0,1,0
1,92,prenuclear,CG,1,cabbage,zebra,0,0.30183727034120733,0.4343832020997375,0.2637795275590551
1,93,adverb,GC,1,kiwi,zebra,1,1,0,0
1,93,early,GC,1,kiwi,zebra,0,0,1,0
1,93,nuclear,GC,1,kiwi,zebra,0.8603104212860311,0.8603104212860311,0.13968957871396895,0
1,93,prenuclear,GC,1,kiwi,zebra,0,0,1,0
1,94,adverb,CG,1,berries,panda,1,0,0,0
1,94,early,CG,1,berries,panda,0,0.8553888130968622,0.1446111869031378,0
1,94,nuclear,CG,1,berries,panda,1,0,0,0
1,94,prenuclear,CG,1,berries,panda,0.3391812865497076,0,0.52046783625731,0.14035087719298245
1,95,adverb,CG,1,melon,zebra,0,0,1,0
1,95,early,CG,1,melon,zebra,0,0.6984993178717599,0,0.3015006821282401
1,95,nuclear,CG,1,melon,zebra,0,0,1,0
1,95,prenuclear,CG,1,melon,zebra,0,0.3356231599607458,0.4013738959764475,0.26300294406280667
1,96,adverb,GC,1,garlic,lion,1,0,0,0
1,96,early,GC,1,garlic,lion,0,0,0,1
1,96,nuclear,GC,1,garlic,lion,1,0,0,0
1,96,prenuclear,GC,1,garlic,lion,0.44502617801047123,0,0,0.5549738219895288
1,97,adverb,CG,1,brownie,lion,1,1,0,0
1,97,early,CG,1,brownie,lion,0,0,0,0.2728512960436562
1,97,nuclear,CG,1,brownie,lion,1,1,0,0
1,97,prenuclear,CG,1,brownie,lion,0.9164179104477612,0.9164179104477612,0,0
1,98,adverb,GG,1,bagel,grizzly,0.9610552763819096,0.9610552763819096,0,0
1,98,early,GG,1,bagel,grizzly,1,1,0,0
1,98,nuclear,GG,1,bagel,grizzly,0,0,0.3849129593810445,0
1,98,prenuclear,GG,1,bagel,grizzly,0.08587786259541985,0.08587786259541985,0.07824427480916031,0
1,99,adverb,CG,1,garlic,lion,1,0,0,0
1,99,early,CG,1,garlic,lion,0,0.19918144611186903,0,0.800818553888131
1,99,nuclear,CG,1,garlic,lion,1,0,0,0
1,99,prenuclear,CG,1,garlic,lion,0.25576923076923075,0.2528846153846154,0,0.4913461538461538
1,100,adverb,CG,1,kiwi,panda,0.9726810673443456,0,0,0.027318932655654382
1,100,early,CG,1,kiwi,panda,0,1,0,0
1,100,nuclear,CG,1,kiwi,panda,0,0.8842364532019704,0,0.11576354679802955
1,100,prenuclear,CG,1,kiwi,panda,0,1,0,0
1,101,adverb,CG,1,bagel,grizzly,0.8823529411764706,0.8823529411764706,0,0
1,101,nuclear,CG,1,bagel,grizzly,1,1,0,0
1,101,prenuclear,CG,1,bagel,grizzly,0.11564625850340136,0.11564625850340136,0.3163265306122449,0.3458049886621315
1,102,adverb,CG,1,garlic,grizzly,1,0,0,0
1,102,early,CG,1,garlic,grizzly,0,0,0,1
1,102,nuclear,CG,1,garlic,grizzly,1,0,0,0
1,102,prenuclear,CG,0.9999999999999999,garlic,grizzly,0.2298076923076923,0.2548076923076923,0,0.5153846153846153
1,103,adverb,GC,1,lemon,lion,1,0,0,0
1,103,early,GC,1,lemon,lion,0,0,1,0
1,103,nuclear,GC,1,lemon,lion,1,0,0,0
1,103,prenuclear,GC,1,lemon,lion,0.32962588473205257,0.13144590495449948,0.538928210313448,0
1,104,adverb,GC,1,bagel,grizzly,0.897410358565737,0,0,0.10258964143426295
1,104,early,GC,1,bagel,grizzly,0,0,1,0
1,104,nuclear,GC,1,bagel,grizzly,0,0.9375,0,0.0625
1,104,prenuclear,GC,1,bagel,grizzly,0.7671092951991828,0.07865168539325842,0.15423901940755874,0
1,105,adverb,CG,1,brownie,grizzly,1,1,0,0
1,105,early,CG,1,brownie,grizzly,0.17462482946793997,0.17462482946793997,0,0
1,105,nuclear,CG,1,brownie,grizzly,1,1,0,0
1,105,prenuclear,CG,1,brownie,grizzly,0.5068783068783069,0.5068783068783069,0,0
1,106,adverb,GG,1,bagel,lion,0.8825021132713441,0.8825021132713441,0,0
1,106,early,GG,1,bagel,lion,1,1,0,0
1,106,nuclear,GG,1,bagel,lion,0,0,0,0
1,106,prenuclear,GG,1,bagel,lion,0.3683206106870229,0.3683206106870229,0,0
1,107,adverb,GG,1,lemon,lion,1,0,0,0
1,107,early,GG,1,lemon,lion,0.7764530551415797,0,0,0.22354694485842028
1,107,nuclear,GG,1,lemon,lion,0.24415584415584415,0.7558441558441559,0,0
1,107,prenuclear,GG,1,lemon,lion,0.4551526717557252,0.5448473282442748,0,0
1,108,adverb,CG,1,lemon,grizzly,0.9799757281553398,0,0.020024271844660196,0
1,108,early,CG,1,lemon,grizzly,0,1,0,0
1,108,nuclear,CG,1,lemon,grizzly,0,0,1,0
1,108,prenuclear,CG,1,lemon,grizzly,0.24287118977384464,0.2861356932153392,0.47099311701081614,0
1,109,adverb,GC,1,lemon,grizzly,1,0,0,0
1,109,early,GC,1,lemon,grizzly,0,0,1,0
1,109,nuclear,GC,1,lemon,grizzly,1,0,0,0
1,109,prenuclear,GC,1,lemon,grizzly,0.6531850353892821,0,0.3468149646107179,0
1,110,adverb,GG,1,cabbage,zebra,0,0.2906178489702517,0.7093821510297483,0
1,110,early,GG,1,cabbage,zebra,0,0,1,0
1,110,nuclear,GG,1,cabbage,zebra,0.38146551724137934,0.36853448275862066,0.25,0
1,110,prenuclear,GG,1,cabbage,zebra,0.8367952522255193,0,0.1632047477744807,0
1,111,adverb,CG,1,kiwi,zebra,1,0,0,0
1,111,early,CG,1,kiwi,zebra,0,0.05184174624829468,0,0.9481582537517054
1,111,nuclear,CG,1,kiwi,zebra,1,0,0,0
1,111,prenuclear,CG,1,kiwi,zebra,0.20964566929133857,0.6437007874015748,0,0.1466535433070866
1,112,adverb,GC,1,cabbage,zebra,1,1,0,0
1,112,early,GC,1,cabbage,zebra,0,0,1,0
1,112,nuclear,GC,1,cabbage,zebra,0.25481798715203424,0.25481798715203424,0.2890792291220557,0.45610278372591007
1,112,prenuclear,GC,1,cabbage,zebra,0,0,0.8238396624472574,0.17616033755274263
2,17,adverb,GG,1,brownie,panda,0.68762278978389,0.68762278978389,0,0
2,18,adverb,CG,1,brownie,panda,0.055077452667814115,0.055077452667814115,0,0.38403614457831325
2,18,early,CG,1,brownie,panda,0,0,0,0
2,18,nuclear,CG,1,brownie,panda,0,0,0,0
2,18,prenuclear,CG,1,brownie,panda,0.2975124378109453,0.2975124378109453,0,0
2,19,adverb,GG,1,garlic,zebra,0.4944631680308137,0,0.5055368319691863,0
2,19,early,GG,1,garlic,zebra,0.27694406548431105,0.48021828103683495,0,0.24283765347885403
2,19,nuclear,GG,1,garlic,zebra,1,0,0,0
2,19,prenuclear,GG,1,garlic,zebra,0.6535600425079703,0,0,0.34643995749202977
2,20,adverb,CG,1,bagel,zebra,0.8307779670641681,0.8307779670641681,0,0
2,20,nuclear,CG,1,bagel,zebra,0,0,0,0
2,20,prenuclear,CG,1,bagel,zebra,0,0,0,0
2,21,adverb,GG,1,berries,lion,1,0,0,0
2,21,nuclear,GG,1,berries,lion,0,1,0,0
2,22,adverb,CG,1,kiwi,lion,0.8193979933110368,0,0,0.1806020066889632
2,22,nuclear,CG,1,kiwi,lion,0.9630541871921182,0,0,0.03694581280788178
2,22,prenuclear,CG,1,kiwi,lion,0,0.22010398613518198,0,0.779896013864818
2,23,adverb,GC,1,bagel,zebra,0.3800363919937614,0.13776969066805303,0.11593449441122954,0.36625942292695607
2,23,early,GC,1,bagel,zebra,0,0.04784688995215311,0.4473684210526316,0.5047846889952153
2,23,nuclear,GC,1,bagel,zebra,1,0,0,0
2,23,prenuclear,GC,1,bagel,zebra,0.12155260469867211,0,0.8784473953013279,0
2,24,adverb,CG,1,lemon,zebra,0.2559033498077979,0.3234486545853926,0.2114222954420648,0.20922570016474465
2,24,early,CG,1,lemon,zebra,0,1,0,0
2,24,nuclear,CG,1,lemon,zebra,0,0,0.15112540192926044,0.8488745980707395
2,24,prenuclear,CG,1,lemon,zebra,0,0.3756967670011148,0.6243032329988851,0
2,25,adverb,GC,1,cabbage,grizzly,0.18793314309009376,0.18793314309009376,0,0
2,25,early,GC,1,cabbage,grizzly,0,0,1,0
2,25,nuclear,GC,1,cabbage,grizzly,0.25267665952890794,0.25267665952890794,0.7473233404710921,0
2,25,prenuclear,GC,1,cabbage,grizzly,0,0,0.7194092827004219,0.2805907172995781
2,26,adverb,GC,1,garlic,panda,0.7238307349665924,0.27616926503340755,0,0
2,26,early,GC,1,garlic,panda,0,0,0,1
2,26,nuclear,GC,1,garlic,panda,1,0,0,0
2,26,prenuclear,GC,1,garlic,panda,0.049214659685863874,0,0.4492146596858639,0.5015706806282723
2,27,adverb,CG,1,kiwi,grizzly,0.9124886052871468,0.08751139471285324,0,0
2,27,early,CG,1,kiwi,grizzly,0,0,0,1
2,27,nuclear,CG,1,kiwi,grizzly,0.16009852216748768,0.022167487684729065,0,0.8177339901477833
2,27,prenuclear,CG,1,kiwi,grizzly,0,0.23917322834645668,0,0.7608267716535433
2,28,adverb,CG,1,lemon,panda,0.9782244556113903,0.021775544388609715,0,0
2,28,early,CG,1,lemon,panda,0,1,0,0
2,28,nuclear,CG,1,lemon,panda,0,0.977491961414791,0.022508038585209004,0
2,28,prenuclear,CG,1,lemon,panda,0,0,1,0
2,29,adverb,CG,1,melon,grizzly,0,0.05156136528685548,0.9484386347131445,0
2,29,nuclear,CG,1,melon,grizzly,0,0.28994082840236685,0,0.7100591715976331
2,29,prenuclear,CG,1,melon,grizzly,0,0.5720164609053497,0.4279835390946502,0
2,30,adverb,CG,1,bagel,panda,1,1,0,0
2,31,adverb,GC,1,brownie,panda,0.08464939987365762,0.3708149084017688,0.18256475047378395,0.36197094125078966
2,32,adverb,CG,1,melon,lion,0,0,0.9910233393177738,0.008976660682226212
2,32,early,CG,1,melon,lion,0,1,0,0
2,32,nuclear,CG,1,melon,lion,0,0.1893491124260355,0,0.8106508875739645
2,32,prenuclear,CG,1,melon,lion,0,1,0,0
2,33,adverb,GG,1,kiwi,lion,0.7793008910212474,0,0,0.22069910897875258
2,33,early,GG,1,kiwi,lion,0.5860215053763441,0,0.41397849462365593,0
2,33,nuclear,GG,1,kiwi,lion,0,0,0,1
2,33,prenuclear,GG,1,kiwi,lion,0.4886251236399604,0,0,0.5113748763600395
2,34,adverb,GC,1,kiwi,lion,0.3472222222222222,0.3472222222222222,0,0
2,34,nuclear,GC,1,kiwi,lion,1,1,0,0
2,34,prenuclear,GC,1,kiwi,lion,1,1,0,0
2,35,adverb,GC,1,melon,grizzly,0,0.7525855210819411,0.028639618138424822,0.21877486077963404
2,35,early,GC,1,melon,grizzly,0,0,0.06320224719101124,0.9367977528089888
2,35,nuclear,GC,1,melon,grizzly,0,0.38636363636363635,0.6136363636363636,0
2,35,prenuclear,GC,1,melon,grizzly,0,0.23025435073627845,0.2797858099062918,0.4899598393574297
2,36,adverb,CG,1,berries,lion,0.2627700127064803,0.19415501905972046,0.32223634053367217,0.22083862770012708
2,37,adverb,GC,1,kiwi,grizzly,0.7332361516034985,0.7332361516034985,0.26676384839650147,0
2,37,early,GC,1,kiwi,grizzly,0,0,1,0
2,37,nuclear,GC,1,kiwi,grizzly,0,0,1,0
2,37,prenuclear,GC,1,kiwi,grizzly,0,0,1,0
2,38,adverb,GG,1,bagel,panda,1,1,0,0
2,38,nuclear,GG,1,bagel,panda,0.011037527593818985,0.011037527593818985,0,0
2,39,adverb,GC,1,berries,grizzly,0.304307974335472,0.5297891842346472,0.16590284142988085,0
2,39,early,GC,1,berries,grizzly,0.37351190476190477,0,0.6264880952380952,0
2,39,nuclear,GC,1,berries,grizzly,0,0,1,0
2,39,prenuclear,GC,1,berries,grizzly,0.23117154811715482,0.2102510460251046,0.5585774058577406,0
2,40,early,GG,1,bagel,zebra,0.7012278308321964,0.7012278308321964,0,0
2,40,prenuclear,GG,1,bagel,zebra,0.6021717670286278,0.6021717670286278,0.39782823297137215,0
2,41,adverb,GG,1,lemon,panda,0.9030612244897959,0.09693877551020408,0,0
2,41,early,GG,1,lemon,panda,0,0,0,1
2,41,nuclear,GG,1,lemon,panda,0,1,0,0
2,41,prenuclear,GG,1,lemon,panda,0,0.09800664451827243,0.30564784053156147,0.5963455149501661
2,42,adverb,GC,1,garlic,zebra,0,1,0,0
2,42,early,GC,1,garlic,zebra,0,0,0,1
2,42,nuclear,GC,1,garlic,zebra,0,0.7601713062098501,0.2398286937901499,0
2,42,prenuclear,GC,1,garlic,zebra,0,0,0.38219895287958117,0.6178010471204188
2,43,adverb,GC,1,berries,lion,0,0,1,0
2,43,early,GC,1,berries,lion,0.8047752808988764,0,0.1952247191011236,0
2,43,nuclear,GC,1,berries,lion,0.21864406779661016,0,0.7813559322033898,0
2,43,prenuclear,GC,1,berries,lion,0.08368200836820083,0.26778242677824265,0.3472803347280335,0.301255230125523
2,44,adverb,GG,1,melon,lion,0,0,1,0
2,44,early,GG,1,melon,lion,0,0,1,0
2,44,nuclear,GG,1,melon,lion,0.17371937639198218,0.24498886414253898,0.32962138084632514,0.2516703786191537
2,44,prenuclear,GG,1,melon,lion,0.030333670374115267,0,0.9696663296258847,0
2,45,adverb,GG,1,cabbage,lion,0,0,1,0
2,45,nuclear,GG,1,cabbage,lion,0,0,1,0
2,45,prenuclear,GG,1,cabbage,lion,0,0,1,0
2,46,adverb,GG,1,kiwi,grizzly,0.8874458874458875,0,0.11255411255411256,0
2,46,early,GG,1,kiwi,grizzly,1,0,0,0
2,46,nuclear,GG,1,kiwi,grizzly,0,0,1,0
2,46,prenuclear,GG,1,kiwi,grizzly,0.047493403693931395,0,0.9525065963060686,0
2,47,adverb,CG,1,brownie,zebra,0.624618514750763,0.624618514750763,0.1688708036622584,0
2,47,early,CG,1,brownie,zebra,0,0,1,0
2,47,nuclear,CG,1,brownie,zebra,0.23863636363636365,0.23863636363636365,0,0
2,47,prenuclear,CG,1,brownie,zebra,0.5878099173553719,0.5878099173553719,0,0
2,48,adverb,GC,1,lemon,zebra,1,0,0,0
2,48,early,GC,1,lemon,zebra,0,0,1,0
2,48,nuclear,GC,1,lemon,zebra,1,0,0,0
2,48,prenuclear,GC,1,lemon,zebra,0.6956521739130435,0,0.30434782608695654,0
2,49,adverb,GC,1,melon,lion,1,0,0,0
2,49,early,GC,1,melon,lion,0,0,0,1
2,49,nuclear,GC,1,melon,lion,0.28328611898017,0,0.6345609065155807,0.0821529745042493
2,49,prenuclear,GC,1,melon,lion,0,0,0,1
2,50,adverb,GC,1,cabbage,lion,1,1,0,0
2,50,early,GC,1,cabbage,lion,0,0,1,0
2,50,nuclear,GC,1,cabbage,lion,0.6895074946466809,0.6895074946466809,0.31049250535331907,0
2,50,prenuclear,GC,1,cabbage,lion,0.052742616033755275,0.052742616033755275,0.9472573839662447,0
2,51,adverb,CG,1,cabbage,lion,0.32452431289640593,0,0.42917547568710357,0.2463002114164905
2,51,nuclear,CG,1,cabbage,lion,0,0,1,0
2,52,adverb,GC,1,lemon,panda,1,0,0,0
2,53,adverb,GG,1,cabbage,grizzly,0,0,1,0
2,53,early,GG,1,cabbage,grizzly,0,0,1,0
2,53,nuclear,GG,1,cabbage,grizzly,0,0.9525862068965517,0.047413793103448273,0
2,53,prenuclear,GG,1,cabbage,grizzly,0.28782707622298065,0.3890784982935154,0.323094425483504,0
2,54,adverb,CG,1,cabbage,grizzly,0,0,1,0
2,54,early,CG,1,cabbage,grizzly,0,1,0,0
2,54,nuclear,CG,1,cabbage,grizzly,0,0,1,0
2,54,prenuclear,CG,1,cabbage,grizzly,0,0.09884836852207293,0.23416506717850288,0.6669865642994242
2,55,adverb,GG,1,berries,grizzly,0.5356820234869015,0.13640469738030714,0,0.32791327913279134
2,55,early,GG,1,berries,grizzly,0,0.12268518518518519,0,0.8773148148148148
2,55,nuclear,GG,1,berries,grizzly,0,1,0,0
2,55,prenuclear,GG,1,berries,grizzly,0.11607142857142858,0.5456349206349206,0.06845238095238096,0.2698412698412698
2,56,adverb,GC,1,bagel,panda,1,0,0,0
2,56,nuclear,GC,1,bagel,panda,1,0,0,0
2,56,prenuclear,GC,1,bagel,panda,1,0,0,0
2,57,adverb,GG,1,lemon,zebra,0.6026645768025078,0.39733542319749215,0,0
2,57,nuclear,GG,1,lemon,zebra,0,1,0,0
2,57,prenuclear,GG,1,lemon,zebra,0,1,0,0
2,58,adverb,CG,1,garlic,zebra,0.9137010676156584,0,0,0.08629893238434164
2,58,nuclear,CG,1,garlic,zebra,1,0,0,0
2,58,prenuclear,CG,1,garlic,zebra,0.2214765100671141,0.38478747203579416,0,0.39373601789709173
2,59,adverb,GG,1,garlic,panda,0.882703777335984,0,0,0.1172962226640159
2,59,nuclear,GG,1,garlic,panda,0,0,0,1
2,59,prenuclear,GG,1,garlic,panda,0,0,0,1
2,60,adverb,GG,1,brownie,zebra,0.5854591836734694,0.5854591836734694,0,0
2,60,early,GG,1,brownie,zebra,0,0,1,0
2,60,nuclear,GG,1,brownie,zebra,0,0,0,0
2,60,prenuclear,GG,1,brownie,zebra,0.5537918871252204,0.5537918871252204,0.12345679012345678,0
2,61,adverb,CG,1,berries,grizzly,0.41012216404886565,0,0.4424083769633508,0.1474694589877836
2,61,early,CG,1,berries,grizzly,0,1,0,0
2,61,nuclear,CG,1,berries,grizzly,0,0,1,0
2,61,prenuclear,CG,1,berries,grizzly,0,0.0682261208576998,0.9317738791423001,0
2,62,adverb,CG,0.9999999999999999,garlic,panda,0.3447204968944099,0.5450310559006211,0,0.11024844720496894
2,62,nuclear,CG,1,garlic,panda,0,1,0,0
2,63,adverb,GG,1,melon,grizzly,0,0.4220489977728285,0.5779510022271714,0
2,63,nuclear,GG,1,melon,grizzly,0,0,1,0
2,64,adverb,GC,1,brownie,zebra,0.33524684270952926,0,0.6647531572904707,0
2,64,nuclear,GC,1,brownie,zebra,0.3132530120481928,0,0,0.6867469879518072
2,65,adverb,GC,1,melon,zebra,1,0,0,0
2,65,nuclear,GC,1,melon,zebra,1,0,0,0
2,66,adverb,GG,1,lemon,grizzly,0.5551401869158878,0.44485981308411215,0,0
2,66,nuclear,GG,1,lemon,grizzly,0,1,0,0
2,67,adverb,CG,1,brownie,grizzly,0.7348115299334812,0.7348115299334812,0.06563192904656319,0
2,68,adverb,GC,1,garlic,lion,0.7811735941320294,0,0,0.21882640586797067
2,69,adverb,GG,1,melon,zebra,0,0.3089171974522293,0.6910828025477707,0
2,69,nuclear,GG,1,melon,zebra,0.7706013363028953,0,0.22939866369710468,0
2,69,prenuclear,GG,1,melon,zebra,0,0,1,0
2,70,adverb,GG,1,garlic,lion,0.6416819012797075,0,0,0.3583180987202925
2,70,nuclear,GG,1,garlic,lion,0,0.4971751412429379,0,0.5028248587570622
2,71,adverb,CG,1,berries,panda,1,0,0,0
2,71,nuclear,CG,1,berries,panda,0.5217391304347826,0,0,0.4782608695652174
2,71,prenuclear,CG,1,berries,panda,0,0,0,1
2,72,adverb,GG,1,brownie,lion,0.5291750503018109,0.5291750503018109,0,0
2,72,nuclear,GG,1,brownie,lion,0,0,0,0
2,73,adverb,GC,1,cabbage,zebra,1,1,0,0
2,73,nuclear,GC,1,cabbage,zebra,1,1,0,0
2,74,adverb,GG,1,berries,zebra,0.8942558746736292,0.10574412532637076,0,0
2,74,nuclear,GG,1,berries,zebra,0,0.927461139896373,0.07253886010362694,0
2,74,prenuclear,GG,1,berries,zebra,0,0,1,0
2,75,adverb,CG,1,melon,zebra,0,0,1,0
2,75,nuclear,CG,1,melon,zebra,0,0,1,0
2,76,adverb,GC,1,berries,panda,0,0,0.9234104046242775,0.07658959537572255
2,77,adverb,CG,1,garlic,grizzly,1,0,0,0
2,77,early,CG,1,garlic,grizzly,0,0.2605729877216917,0,0.7394270122783083
2,77,nuclear,CG,1,garlic,grizzly,1,0,0,0
2,77,prenuclear,CG,1,garlic,grizzly,0.06923076923076923,0.9307692307692308,0,0
2,78,adverb,GC,1,kiwi,panda,1,1,0,0
2,78,early,GC,1,kiwi,panda,0,0,1,0
2,78,nuclear,GC,1,kiwi,panda,0.36807095343680707,0.36807095343680707,0.29711751662971175,0.3348115299334812
2,78,prenuclear,GC,1,kiwi,panda,0,0,0.6717428087986463,0.32825719120135366
2,79,adverb,GG,1,kiwi,panda,0.5474509803921569,0,0,0.45254901960784316
2,79,nuclear,GG,1,kiwi,panda,0,0,0,1
2,79,prenuclear,GG,1,kiwi,panda,0,0,0,1
2,80,adverb,GC,1,bagel,grizzly,0.483493077742279,0.4174653887113951,0.09904153354632587,0
2,80,nuclear,GC,1,bagel,grizzly,0,1,0,0
2,81,nuclear,CG,1,kiwi,panda,1,0,0,0
2,81,prenuclear,CG,1,kiwi,panda,0.40473372781065087,0,0,0.5952662721893491
2,82,adverb,GC,1,lemon,grizzly,1,0,0,0
2,82,nuclear,GC,1,lemon,grizzly,1,0,0,0
2,82,prenuclear,GC,1,lemon,grizzly,1,0,0,0
2,83,adverb,GC,1,cabbage,panda,1,1,0,0
2,84,adverb,GG,1,bagel,lion,0.5727525486561631,0.5727525486561631,0,0
2,84,nuclear,GG,1,bagel,lion,0,0,0,0
2,84,prenuclear,GG,1,bagel,lion,0,0,0,0
2,85,adverb,GC,1,berries,zebra,0.24416017797552836,0,0.3081201334816463,0.44771968854282534
2,85,nuclear,GC,1,berries,zebra,0.3223938223938224,0,0.5714285714285714,0.10617760617760617
2,86,adverb,GG,1,kiwi,zebra,1,0,0,0
2,86,nuclear,GG,1,kiwi,zebra,0,0,0,1
2,86,prenuclear,GG,1,kiwi,zebra,0,0,0,1
2,87,nuclear,GC,1,lemon,lion,1,0,0,0
2,87,prenuclear,GC,1,lemon,lion,1,0,0,0
2,88,adverb,CG,1,kiwi,zebra,1,0,0,0
2,88,nuclear,CG,1,kiwi,zebra,0.7076923076923077,0.2923076923076923,0,0
2,88,prenuclear,CG,1,kiwi,zebra,0,1,0,0
2,89,adverb,CG,1,cabbage,panda,0,0,1,0
2,89,early,CG,1,cabbage,panda,0,1,0,0
2,89,nuclear,CG,1,cabbage,panda,0,0,1,0
2,89,prenuclear,CG,1,cabbage,panda,0.36084452975047987,0.053742802303262956,0.1324376199616123,0.45297504798464494
2,90,adverb,GG,1,cabbage,zebra,0,0,1,0
2,90,early,GG,1,cabbage,zebra,0,0,1,0
2,90,nuclear,GG,1,cabbage,zebra,0,1,0,0
2,90,prenuclear,GG,1,cabbage,zebra,0,0.49554896142433236,0.5044510385756676,0
2,91,adverb,CG,1,garlic,lion,1,0,0,0
2,91,nuclear,CG,1,garlic,lion,1,0,0,0
2,91,prenuclear,CG,1,garlic,lion,1,0,0,0
2,92,adverb,CG,1,bagel,lion,0.8248945147679325,0.8248945147679325,0.1751054852320675,0
2,92,nuclear,CG,1,bagel,lion,0,0,0.348,0.652
2,93,adverb,GG,1,lemon,lion,0.6711956521739131,0.328804347826087,0,0
2,93,nuclear,GG,1,lemon,lion,0,0.7116883116883117,0.2727272727272727,0.015584415584415584
2,93,prenuclear,GG,1,lemon,lion,0,0,0.2776315789473684,0.7223684210526315
2,94,adverb,GG,1,berries,panda,0.45558739255014324,0.5444126074498568,0,0
2,94,nuclear,GG,1,berries,panda,0,0.10817307692307693,0.8918269230769231,0
2,95,adverb,GG,1,melon,panda,0,0.21158129175946547,0.43318485523385303,0.35523385300668153
2,95,nuclear,GG,1,melon,panda,0,0,0,1
2,96,adverb,GC,1,brownie,grizzly,0,0,1,0
2,96,nuclear,GC,1,brownie,grizzly,0,0,1,0
2,96,prenuclear,GC,1,brownie,grizzly,0.5277310924369748,0,0.4722689075630252,0
2,97,adverb,CG,1,bagel,grizzly,1,1,0,0
2,97,nuclear,CG,1,bagel,grizzly,1,1,0,0
2,97,prenuclear,CG,1,bagel,grizzly,0.009615384615384616,0.009615384615384616,0.9903846153846154,0
2,98,adverb,GC,1,brownie,lion,0,0,1,0
2,98,nuclear,GC,1,brownie,lion,0,0,1,0
2,98,prenuclear,GC,1,brownie,lion,0,0,1,0
2,99,adverb,GC,1,bagel,lion,1,0,0,0
2,99,early,GC,1,bagel,lion,0,1,0,0
2,99,nuclear,GC,1,bagel,lion,0.8988095238095238,0,0.10119047619047619,0
2,99,prenuclear,GC,1,bagel,lion,0,0.8958120531154239,0.1041879468845761,0
2,100,adverb,CG,1,lemon,grizzly,0.578167115902965,0,0,0.42183288409703507
2,100,nuclear,CG,1,lemon,grizzly,0,0,0.8456591639871383,0.15434083601286175
2,100,prenuclear,CG,1,lemon,grizzly,0,0,1,0
2,101,adverb,CG,1,berries,zebra,1,0,0,0
2,101,nuclear,CG,1,berries,zebra,1,0,0,0
2,101,prenuclear,CG,1,berries,zebra,1,0,0,0
2,102,adverb,GG,1,cabbage,panda,0,0.3790546802594995,0.6209453197405005,0
2,102,early,GG,1,cabbage,panda,0,0,1,0
2,102,nuclear,GG,1,cabbage,panda,0,1,0,0
2,102,prenuclear,GG,1,cabbage,panda,0,0.2433234421364985,0.7566765578635015,0
2,103,adverb,GG,1,garlic,grizzly,0.7899686520376176,0.21003134796238246,0,0
2,103,nuclear,GG,1,garlic,grizzly,0.35231316725978645,0.15302491103202848,0.4377224199288256,0.05693950177935943
2,103,prenuclear,GG,1,garlic,grizzly,0,0.49363507779349364,0,0.5063649222065064
2,104,adverb,GC,1,kiwi,zebra,1,1,0,0
2,104,nuclear,GC,1,kiwi,zebra,1,1,0,0
2,104,prenuclear,GC,1,kiwi,zebra,1,1,0,0
2,105,adverb,CG,1,melon,panda,0.35168961201501875,0,0.6483103879849812,0
2,105,nuclear,CG,1,melon,panda,1,0,0,0
2,106,adverb,GC,1,melon,panda,1,0,0,0
2,106,early,GC,1,melon,panda,0,0,0,1
2,106,nuclear,GC,1,melon,panda,1,0,0,0
2,106,prenuclear,GC,1,melon,panda,0.10181451612903226,0,0,0.8981854838709677
2,107,adverb,CG,1,lemon,lion,1,0,0,0
2,107,early,CG,1,lemon,lion,0,1,0,0
2,107,nuclear,CG,1,lemon,lion,1,0,0,0
2,107,prenuclear,CG,1,lemon,lion,0.11799410029498525,0.5427728613569321,0,0.3392330383480826
2,108,adverb,GC,1,garlic,grizzly,1,0,0,0
2,108,early,GC,1,garlic,grizzly,0,0,0,1
2,108,nuclear,GC,1,garlic,grizzly,1,0,0,0
2,108,prenuclear,GC,1,garlic,grizzly,0.09561752988047809,0,0,0.9043824701195219
2,109,early,CG,1,cabbage,zebra,0,1,0,0
2,109,nuclear,CG,1,cabbage,zebra,0,0,1,0
2,109,prenuclear,CG,1,cabbage,zebra,0,0.32437619961612285,0.6756238003838771,0
2,110,adverb,GG,1,brownie,grizzly,0.5228070175438596,0.5228070175438596,0,0
2,110,early,GG,1,brownie,grizzly,1,1,0,0
2,110,nuclear,GG,1,brownie,grizzly,0,0,0,0
2,110,prenuclear,GG,1,brownie,grizzly,0.6160877513711152,0.6160877513711152,0.19195612431444242,0
2,111,adverb,GG,1,bagel,grizzly,1,1,0,0
2,111,early,GG,1,bagel,grizzly,1,1,0,0
2,111,nuclear,GG,1,bagel,grizzly,0,0,0,0
2,111,prenuclear,GG,1,bagel,grizzly,0.17748091603053434,0.17748091603053434,0.4255725190839695,0.13549618320610687
2,112,adverb,CG,1,brownie,lion,1,1,0,0
2,112,early,CG,1,brownie,lion,0,0,0,0
2,112,nuclear,CG,1,brownie,lion,0.5511363636363636,0.5511363636363636,0.14204545454545456,0.3068181818181818
2,112,prenuclear,CG,1,brownie,lion,0.26865671641791045,0.26865671641791045,0.09651741293532339,0
3,17,adverb,GC,1,garlic,zebra,1,0,0,0
3,18,adverb,CG,1,bagel,panda,0.7871148459383753,0.7871148459383753,0,0
3,19,adverb,CG,1,kiwi,lion,1,0,0,0
3,20,adverb,GG,1,bagel,panda,0,0,0,0
3,21,adverb,GG,1,bagel,zebra,1,1,0,0
3,22,adverb,GG,1,melon,grizzly,0,0,1,0
3,23,adverb,GC,1,cabbage,grizzly,1,1,0,0
3,23,early,GC,1,cabbage,grizzly,1,1,0,0
3,24,adverb,GG,1,berries,lion,0.5373831775700935,0.46261682242990654,0,0
3,25,adverb,GC,1,bagel,zebra,1,0,0,0
3,25,nuclear,GC,1,bagel,zebra,0,1,0,0
3,25,prenuclear,GC,1,bagel,zebra,0,1,0,0
3,26,adverb,CG,1,bagel,zebra,0.5372168284789643,0.5372168284789643,0,0
3,26,nuclear,CG,1,bagel,zebra,0.46035805626598464,0.46035805626598464,0,0
3,26,prenuclear,CG,1,bagel,zebra,0,0,0,0
3,27,adverb,GG,1,lemon,zebra,0.6602409638554216,0.3397590361445783,0,0
3,27,nuclear,GG,1,lemon,zebra,0,1,0,0
3,27,prenuclear,GG,1,lemon,zebra,0.2391304347826087,0.7608695652173914,0,0
3,28,adverb,CG,1,melon,grizzly,0.1167953667953668,0.19884169884169883,0.5781853281853282,0.10617760617760617
3,28,nuclear,CG,1,melon,grizzly,0,0.10059171597633136,0,0.8994082840236687
3,28,prenuclear,CG,1,melon,grizzly,0,1,0,0
3,29,adverb,GG,1,berries,grizzly,0.6621212121212121,0.3378787878787879,0,0
3,30,adverb,GC,1,lemon,zebra,1,0,0,0
3,31,adverb,CG,1,melon,lion,0,0.2989949748743719,0.6005025125628141,0.10050251256281408
3,31,early,CG,1,melon,lion,0,1,0,0
3,31,nuclear,CG,1,melon,lion,0,0,0,1
3,32,adverb,GC,1,lemon,panda,0.7773174520973589,0.13930605903676851,0.08337648886587261,0
3,32,nuclear,GC,1,lemon,panda,0.2967914438502674,0,0.7032085561497327,0
3,32,prenuclear,GC,1,lemon,panda,0.3570127504553734,0,0.6429872495446266,0
3,33,adverb,GG,1,kiwi,grizzly,1,0,0,0
3,34,adverb,CG,1,kiwi,grizzly,1,0,0,0
3,35,adverb,CG,1,lemon,zebra,0.6598311218335344,0.3401688781664656,0,0
3,35,early,CG,1,lemon,zebra,0.40109140518417463,0,0.3383356070941337,0.2605729877216917
3,35,nuclear,CG,1,lemon,zebra,0,0,0,1
3,35,prenuclear,CG,1,lemon,zebra,0.52954808806489,0,0.17844727694090382,0.29200463499420626
3,36,adverb,GG,1,cabbage,grizzly,0,0.34541062801932365,0.6545893719806763,0
3,38,adverb,CG,1,garlic,panda,1,0,0,0
3,39,adverb,GG,1,melon,lion,0,0,1,0
3,40,adverb,GG,1,garlic,zebra,1,0,0,0
3,42,adverb,GC,1,melon,grizzly,0.5692307692307692,0.33916083916083917,0,0.09160839160839161
3,43,adverb,CG,1,berries,lion,1,0,0,0
3,43,prenuclear,CG,1,berries,lion,0,0,0,1
3,44,adverb,CG,1,lemon,panda,0.9039301310043668,0.09606986899563319,0,0
3,44,early,CG,1,lemon,panda,0.11926605504587157,0,0.8807339449541285,0
3,44,nuclear,CG,1,lemon,panda,0,0.32280701754385965,0.6771929824561403,0
3,44,prenuclear,CG,1,lemon,panda,0,0,1,0
3,45,adverb,CG,1,brownie,zebra,1,1,0,0
3,46,adverb,GC,1,kiwi,lion,0.41231929604022627,0.41231929604022627,0,0
3,46,nuclear,GC,1,kiwi,lion,0,0,0,0
3,47,adverb,GG,1,kiwi,lion,0.7755102040816326,0,0.22448979591836735,0
3,49,adverb,GG,1,lemon,panda,1,0,0,0
3,50,adverb,GC,1,berries,grizzly,0,0,1,0
3,50,prenuclear,GC,1,berries,grizzly,0,1,0,0
3,52,adverb,CG,1,brownie,panda,0.6525735294117647,0.6525735294117647,0,0
3,53,adverb,GG,1,garlic,panda,0.8157589803012746,0,0,0.1842410196987254
3,53,nuclear,GG,1,garlic,panda,1,0,0,0
3,54,adverb,GC,1,garlic,panda,1,0,0,0
3,55,adverb,CG,1,cabbage,lion,0,0,1,0
3,56,adverb,GC,1,brownie,panda,0,0,1,0
3,58,adverb,CG,1,berries,grizzly,1,0,0,0
3,60,adverb,GC,1,bagel,panda,0.7228915662650602,0,0,0.27710843373493976
3,60,early,GC,1,bagel,panda,0.5084269662921348,0.49157303370786515,0,0
3,60,nuclear,GC,1,bagel,panda,0,0,0,1
3,60,prenuclear,GC,1,bagel,panda,0,1,0,0
3,61,adverb,GC,1,melon,lion,1,0,0,0
3,62,adverb,CG,1,garlic,zebra,0.8523102310231023,0.1476897689768977,0,0
3,63,adverb,GG,1,cabbage,lion,0,0,1,0
3,64,adverb,GC,1,cabbage,lion,1,1,0,0
3,65,adverb,GG,1,lemon,lion,0.7527950310559006,0.24720496894409938,0,0
3,67,adverb,CG,1,kiwi,panda,0.3327526132404181,0.29907084785133564,0,0.3681765389082462
3,67,early,CG,1,kiwi,panda,0,0,0.8729050279329609,0.1270949720670391
3,67,prenuclear,CG,1,kiwi,panda,0,0.42961876832844575,0,0.5703812316715543
3,68,adverb,GC,1,cabbage,zebra,1,1,0,0
3,69,adverb,CG,1,bagel,grizzly,1,1,0,0
3,70,adverb,GC,1,melon,zebra,0.7781385281385281,0.22186147186147187,0,0
3,70,nuclear,GC,1,melon,zebra,0,0,0,1
3,70,prenuclear,GC,1,melon,zebra,0,0,0,1
3,72,adverb,GG,1,bagel,grizzly,0.3765432098765432,0.3765432098765432,0,0
3,73,adverb,GG,1,berries,panda,0.7744916820702403,0.2255083179297597,0,0
3,74,adverb,CG,1,lemon,grizzly,1,0,0,0
3,75,adverb,CG,1,cabbage,zebra,0,1,0,0
3,76,early,GG,1,garlic,grizzly,0.6711111111111111,0.04,0.28888888888888886,0
3,76,nuclear,GG,1,garlic,grizzly,1,0,0,0
3,76,prenuclear,GG,1,garlic,grizzly,0.8376237623762376,0,0.16237623762376238,0
3,77,adverb,GG,1,lemon,grizzly,1,0,0,0
3,78,adverb,GG,1,kiwi,zebra,1,0,0,0
3,79,adverb,GC,1,garlic,lion,0.6179245283018868,0.1160377358490566,0,0.2660377358490566
3,79,early,GC,1,garlic,lion,1,0,0,0
3,79,nuclear,GC,1,garlic,lion,0.530562347188264,0.46943765281173594,0,0
3,79,prenuclear,GC,1,garlic,lion,0.7304526748971193,0.26954732510288065,0,0
3,80,adverb,GC,1,lemon,lion,1,0,0,0
3,80,early,GC,1,lemon,lion,0.14185393258426968,0,0.8581460674157303,0
3,80,nuclear,GC,1,lemon,lion,0.3582887700534759,0.6417112299465241,0,0
3,80,prenuclear,GC,0.9999999999999999,lemon,lion,0.37714863498483314,0.09706774519716886,0.5257836198179979,0
3,81,adverb,GG,1,bagel,lion,0.8994932432432432,0.8994932432432432,0,0
3,81,early,GG,1,bagel,lion,1,1,0,0
3,81,nuclear,GG,1,bagel,lion,0,0,0,0
3,82,adverb,GC,1,garlic,grizzly,0.6307692307692307,0.2846153846153846,0,0.08461538461538462
3,82,early,GC,1,garlic,grizzly,0,0,0.6962524654832347,0.3037475345167653
3,82,nuclear,GC,1,garlic,grizzly,0,0,0.7965738758029979,0.20342612419700215
3,82,prenuclear,GC,1,garlic,grizzly,0,0,0.8209424083769633,0.17905759162303664
3,83,adverb,GG,1,berries,zebra,1,0,0,0
3,84,adverb,GC,1,kiwi,zebra,1,1,0,0
3,84,early,GC,1,kiwi,zebra,0,0,0.5130784708249497,0.4869215291750503
3,84,nuclear,GC,1,kiwi,zebra,0.271875,0.271875,0,0
3,85,adverb,CG,1,lemon,lion,1,0,0,0
3,85,early,CG,1,lemon,lion,1,0,0,0
3,85,nuclear,CG,1,lemon,lion,0.21864951768488747,0.7813504823151125,0,0
3,85,prenuclear,CG,1,lemon,lion,0.5244215938303342,0.4755784061696658,0,0
3,86,adverb,GC,1,bagel,lion,0.35805626598465473,0,0,0.6419437340153452
3,86,early,GC,1,bagel,lion,0.22424242424242424,0,0.5575757575757576,0.21818181818181817
3,86,nuclear,GC,1,bagel,lion,0,0,0,1
3,86,prenuclear,GC,1,bagel,lion,0.27170582226762,0.23289070480081717,0.3054136874361593,0.18998978549540346
3,87,adverb,CG,1,garlic,lion,0.8045977011494253,0,0,0.19540229885057472
3,88,adverb,GG,1,melon,zebra,0,0,1,0
3,89,adverb,GC,1,cabbage,panda,0.7898363479758829,0.7898363479758829,0,0
3,89,early,GC,1,cabbage,panda,0.8306451612903226,0.8306451612903226,0.1693548387096774,0
3,89,nuclear,GC,1,cabbage,panda,0,0,0,0
3,89,prenuclear,GC,1,cabbage,panda,0,0,0.33218588640275387,0.6678141135972461
3,91,adverb,CG,1,melon,zebra,0,0,1,0
3,91,early,CG,1,melon,zebra,0,0.5606361829025845,0.4393638170974155,0
3,91,nuclear,CG,1,melon,zebra,0,0,0.878698224852071,0.12130177514792899
3,91,prenuclear,CG,1,melon,zebra,0,0.5339805825242718,0,0.46601941747572817
3,92,adverb,CG,1,brownie,lion,1,1,0,0
3,93,adverb,GC,1,lemon,grizzly,1,0,0,0
3,94,adverb,GG,1,garlic,lion,0.5177935943060499,0,0,0.4822064056939502
3,95,adverb,GG,1,melon,panda,0,0,1,0
3,95,early,GG,1,melon,panda,1,0,0,0
3,95,prenuclear,GG,1,melon,panda,1,0,0,0
3,96,adverb,CG,1,cabbage,panda,0,0,1,0
3,97,adverb,GG,1,cabbage,panda,0,0.4838709677419355,0.5161290322580645,0
3,97,nuclear,GG,1,cabbage,panda,0,1,0,0
3,97,prenuclear,GG,1,cabbage,panda,0,1,0,0
3,98,adverb,CG,1,bagel,lion,0.554904831625183,0.554904831625183,0,0
3,98,early,CG,1,bagel,lion,1,1,0,0
3,98,nuclear,CG,1,bagel,lion,0.8005115089514067,0.8005115089514067,0.07161125319693094,0
3,98,prenuclear,CG,1,bagel,lion,0,0,0.3352208380520951,0.6647791619479049
3,99,adverb,GC,1,kiwi,panda,0.44181818181818183,0.44181818181818183,0,0
3,99,nuclear,GC,1,kiwi,panda,0,0,0,0.9667405764966741
3,99,prenuclear,GC,1,kiwi,panda,0,0,0,1
3,100,adverb,CG,1,berries,zebra,1,0,0,0
3,101,adverb,GC,1,bagel,grizzly,0,0.048414023372287146,0,0.9515859766277128
3,101,early,GC,1,bagel,grizzly,0,0,0.6852791878172588,0.3147208121827411
3,101,nuclear,GC,1,bagel,grizzly,0.5189393939393939,0.20643939393939395,0,0.2746212121212121
3,101,prenuclear,GC,1,bagel,grizzly,1,0,0,0
3,102,adverb,GG,1,brownie,grizzly,0.7233273056057866,0.7233273056057866,0.034358047016274866,0
3,102,early,GG,1,brownie,grizzly,0,0,0.9781718963165075,0.021828103683492497
3,102,nuclear,GG,1,brownie,grizzly,0,0,1,0
3,102,prenuclear,GG,1,brownie,grizzly,0.6194539249146758,0.6194539249146758,0,0.38054607508532423
3,103,adverb,GG,1,cabbage,zebra,0,0.6509090909090909,0.3490909090909091,0
3,104,adverb,GG,1,kiwi,panda,0.8185328185328186,0,0,0.18146718146718147
3,104,nuclear,GG,1,kiwi,panda,0,0,0,1
3,105,adverb,GC,1,melon,panda,1,0,0,0
3,106,adverb,GC,1,brownie,grizzly,0.31673306772908366,0,0.6832669322709163,0
3,107,adverb,CG,1,kiwi,zebra,0.689748201438849,0.1618705035971223,0,0.14838129496402877
3,108,adverb,CG,1,garlic,grizzly,1,0,0,0
3,108,early,CG,1,garlic,grizzly,0.12761506276150628,0,0,0.8723849372384938
3,108,nuclear,CG,1,garlic,grizzly,1,0,0,0
3,108,prenuclear,CG,1,garlic,grizzly,1,0,0,0
3,109,adverb,CG,1,brownie,grizzly,0.5468085106382978,0.5468085106382978,0,0
3,111,adverb,GC,1,brownie,lion,0,0,1,0
4,17,adverb,GG,1,brownie,panda,1,1,0,0
4,17,early,GG,1,brownie,panda,0,0,0,1
4,17,nuclear,GG,1,brownie,panda,0.9602649006622517,0.9602649006622517,0,0
4,17,prenuclear,GG,1,brownie,panda,0.4645161290322581,0.4645161290322581,0,0.0532258064516129
4,18,adverb,CG,1,garlic,panda,0.4802002730996814,0,0,0.5197997269003186
4,18,nuclear,CG,1,garlic,panda,0,0,0,1
4,18,prenuclear,CG,1,garlic,panda,0,0,0,1
4,19,adverb,GC,1,bagel,panda,0,0.03525179856115108,0,0.9647482014388489
4,19,early,GC,1,bagel,panda,0,0,1,0
4,19,nuclear,GC,1,bagel,panda,0.30303030303030304,0.1553030303030303,0.5416666666666666,0
4,19,prenuclear,GC,1,bagel,panda,0.7068437180796732,0,0.2931562819203269,0
4,20,adverb,CG,1,cabbage,grizzly,0,0.41391184573002754,0.4834710743801653,0.10261707988980716
4,20,early,CG,1,cabbage,grizzly,0.8335607094133697,0,0,0.1664392905866303
4,20,nuclear,CG,1,cabbage,grizzly,0,0.5686274509803921,0,0.43137254901960786
4,20,prenuclear,CG,1,cabbage,grizzly,0,0.41554702495201534,0,0.5844529750479847
4,21,adverb,CG,1,melon,grizzly,0,0.34273504273504274,0.5247863247863248,0.13247863247863248
4,21,early,CG,1,melon,grizzly,0,0.5115961800818554,0,0.48840381991814463
4,21,nuclear,CG,1,melon,grizzly,0,0,0,1
4,21,prenuclear,CG,1,melon,grizzly,0,0.957801766437684,0,0.042198233562315994
4,22,adverb,GG,1,melon,lion,0.10303377218088151,0.09301659988551803,0.7355466514024042,0.06840297653119634
4,22,early,GG,1,melon,lion,1,0,0,0
4,22,nuclear,GG,1,melon,lion,0,0.6325167037861915,0.3674832962138085,0
4,22,prenuclear,GG,1,melon,lion,0.26644736842105265,0,0.7335526315789473,0
4,23,adverb,GG,1,melon,grizzly,0,0.24963609898107714,0.5815138282387191,0.16885007278020378
4,23,early,GG,1,melon,grizzly,0,0,1,0
4,23,nuclear,GG,1,melon,grizzly,0,0.9443207126948775,0.0556792873051225,0
4,23,prenuclear,GG,1,melon,grizzly,0.3538928210313448,0,0.6461071789686552,0
4,24,adverb,GC,1,brownie,panda,0,0.09614126880313931,0.9038587311968607,0
4,24,early,GC,1,brownie,panda,0.26264044943820225,0,0,0.7373595505617978
4,24,nuclear,GC,1,brownie,panda,0.2807017543859649,0.03258145363408521,0,0.6867167919799498
4,24,prenuclear,GC,1,brownie,panda,1,0,0,0
4,25,adverb,GC,1,garlic,panda,1,0,0,0
4,25,early,GC,1,garlic,panda,0,0,1,0
4,25,nuclear,GC,1,garlic,panda,0.6466809421841542,0,0,0.3533190578158458
4,25,prenuclear,GC,1,garlic,panda,0,0,0.38848167539267014,0.6115183246073298
4,26,adverb,GG,1,lemon,panda,0.5062557216966738,0.3805309734513274,0,0.11321330485199878
4,26,early,GG,1,lemon,panda,1,0,0,0
4,26,nuclear,GG,1,lemon,panda,0,1,0,0
4,26,prenuclear,GG,1,lemon,panda,0.22519083969465647,0.3425572519083969,0.32251908396946566,0.10973282442748092
4,27,adverb,CG,1,kiwi,grizzly,0.5080113100848256,0,0,0.49198868991517436
4,27,early,CG,1,kiwi,grizzly,0,0,0,1
4,27,nuclear,CG,1,kiwi,grizzly,0,0,0,1
4,27,prenuclear,CG,1,kiwi,grizzly,0,0,0,1
4,28,early,GC,1,brownie,zebra,0.3242009132420091,0,0,0.6757990867579908
4,28,nuclear,GC,1,brownie,zebra,0,0,1,0
4,28,prenuclear,GC,1,brownie,zebra,0.32558139534883723,0,0.6744186046511628,0
4,29,adverb,CG,1,melon,lion,0,0.10394088669950739,0.15517241379310345,0.7408866995073892
4,30,adverb,CG,1,brownie,zebra,1,1,0,0
4,30,early,CG,1,brownie,zebra,0,0,0,0
4,30,nuclear,CG,1,brownie,zebra,1,1,0,0
4,30,prenuclear,CG,1,brownie,zebra,0.21293532338308457,0.21293532338308457,0,0
4,31,adverb,GG,1,berries,lion,0.3486140724946695,0.6513859275053305,0,0
4,31,early,GG,1,berries,lion,0.02495201535508637,0,0.9750479846449136,0
4,31,nuclear,GG,1,berries,lion,0,1,0,0
4,31,prenuclear,GG,1,berries,lion,0.8839285714285714,0.11607142857142858,0,0
4,32,adverb,CG,1,garlic,zebra,0.9326171875,0.0673828125,0,0
4,32,early,CG,1,garlic,zebra,0.9508867667121419,0,0,0.04911323328785812
4,32,nuclear,CG,1,garlic,zebra,0,1,0,0
4,32,prenuclear,CG,1,garlic,zebra,0,0.5615384615384615,0,0.43846153846153846
4,33,adverb,GC,1,lemon,zebra,0.5978217022993142,0,0,0.40217829770068575
4,33,nuclear,GC,1,lemon,zebra,1,0,0,0
4,33,prenuclear,GC,1,lemon,zebra,1,0,0,0
4,34,adverb,CG,1,cabbage,lion,0,0,1,0
4,34,early,CG,1,cabbage,lion,0.5934515688949522,0.16780354706684858,0,0.23874488403819918
4,34,nuclear,CG,1,cabbage,lion,0,0,0.9975490196078431,0.0024509803921568627
4,34,prenuclear,CG,1,cabbage,lion,0,0.11036468330134357,0,0.8896353166986565
4,35,adverb,GG,1,kiwi,grizzly,0.5717455621301775,0.3047337278106509,0,0.1235207100591716
4,35,early,GG,1,kiwi,grizzly,1,0,0,0
4,35,nuclear,GG,1,kiwi,grizzly,0,0,1,0
4,35,prenuclear,GG,1,kiwi,grizzly,0.1552917903066271,0,0.8447082096933729,0
4,36,adverb,GG,1,garlic,zebra,0.753358925143954,0,0.24664107485604606,0
4,36,early,GG,1,garlic,zebra,1,0,0,0
4,36,nuclear,GG,1,garlic,zebra,1,0,0,0
4,36,prenuclear,GG,1,garlic,zebra,1,0,0,0
4,37,adverb,GC,1,melon,grizzly,0.8679504814305364,0,0,0.13204951856946354
4,37,early,GC,1,melon,grizzly,0,0,0,1
4,37,nuclear,GC,1,melon,grizzly,0,0,0,1
4,37,prenuclear,GC,1,melon,grizzly,0.4808467741935484,0,0.17842741935483872,0.3407258064516129
4,38,adverb,GC,1,lemon,panda,0.9934426229508196,0,0.006557377049180328,0
4,38,early,GC,1,lemon,panda,0,0,0.1544943820224719,0.8455056179775281
4,38,nuclear,GC,1,lemon,panda,0,0,1,0
4,38,prenuclear,GC,1,lemon,panda,0,0,1,0
4,39,adverb,CG,1,bagel,zebra,1,1,0,0
4,39,early,CG,1,bagel,zebra,0,0,0,1
4,39,nuclear,CG,1,bagel,zebra,0.38618925831202044,0.38618925831202044,0,0
4,39,prenuclear,CG,1,bagel,zebra,0,0,0,0
4,40,adverb,GG,1,kiwi,lion,0.6221804511278195,0,0,0.37781954887218044
4,40,early,GG,1,kiwi,lion,0.3369713506139154,0,0.6630286493860846,0
4,40,nuclear,GG,1,kiwi,lion,0,0,0.8096446700507615,0.19035532994923857
4,40,prenuclear,GG,1,kiwi,lion,0.15625,0,0.35697115384615385,0.48677884615384615
4,41,adverb,GC,1,bagel,zebra,0.8055307760927743,0.04460303300624442,0,0.14986619090098127
4,41,early,GC,1,bagel,zebra,0,0,0.949438202247191,0.05056179775280899
4,41,nuclear,GC,1,bagel,zebra,0.5113636363636364,0.48863636363636365,0,0
4,41,prenuclear,GC,1,bagel,zebra,0.014300306435137897,0.22676200204290092,0.3840653728294178,0.3748723186925434
4,42,adverb,GC,1,melon,lion,0.6762688614540466,0,0.32373113854595337,0
4,42,early,GC,1,melon,lion,0,0.9030898876404494,0.09691011235955056,0
4,42,nuclear,GC,1,melon,lion,0,0,1,0
4,42,prenuclear,GC,1,melon,lion,0.5423387096774194,0,0.4576612903225806,0
4,43,adverb,GC,1,kiwi,lion,0.44240400667779634,0.44240400667779634,0.5575959933222037,0
4,43,early,GC,1,kiwi,lion,0,0,1,0
4,43,nuclear,GC,1,kiwi,lion,0,0,1,0
4,43,prenuclear,GC,1,kiwi,lion,0,0,1,0
4,44,adverb,CG,1,kiwi,lion,0.4459551325628824,0.06866077498300475,0.13256288239293,0.3528212100611829
4,44,early,CG,1,kiwi,lion,0,0,0,1
4,44,nuclear,CG,1,kiwi,lion,0,1,0,0
4,44,prenuclear,CG,1,kiwi,lion,0,0.14763779527559054,0.5383858267716536,0.3139763779527559
4,45,adverb,GG,1,berries,grizzly,0.6193870277975766,0.3806129722024234,0,0
4,45,nuclear,GG,1,berries,grizzly,0,1,0,0
4,45,prenuclear,GG,1,berries,grizzly,0.41005291005291006,0.38492063492063494,0,0.20502645502645503
4,46,adverb,GG,1,brownie,zebra,0.536222509702458,0.536222509702458,0,0
4,46,early,GG,1,brownie,zebra,1,1,0,0
4,46,nuclear,GG,1,brownie,zebra,0,0,0,0
4,46,prenuclear,GG,1,brownie,zebra,0,0,0,0
4,47,adverb,CG,1,brownie,panda,1,1,0,0
4,47,early,CG,1,brownie,panda,0,0,0,0
4,47,nuclear,CG,1,brownie,panda,1,1,0,0
4,47,prenuclear,CG,1,brownie,panda,0.16318407960199005,0.16318407960199005,0,0
4,48,adverb,GC,1,kiwi,grizzly,0.46690777576853526,0.46690777576853526,0.07667269439421338,0.02278481012658228
4,48,early,GC,1,kiwi,grizzly,1,1,0,0
4,48,nuclear,GC,1,kiwi,grizzly,0,0,0.4079822616407982,0.37250554323725055
4,48,prenuclear,GC,1,kiwi,grizzly,0.32460732984293195,0.32460732984293195,0,0
4,49,adverb,GC,1,berries,grizzly,0,0,1,0
4,49,early,GC,1,berries,grizzly,1,0,0,0
4,49,nuclear,GC,1,berries,grizzly,0,0,0.9305084745762712,0.06949152542372881
4,49,prenuclear,GC,1,berries,grizzly,0.4780334728033473,0,0.35564853556485354,0.16631799163179917
4,50,adverb,GG,1,garlic,panda,0.7598463016330451,0,0,0.24015369836695485
4,50,early,GG,1,garlic,panda,0,0.1855388813096862,0,0.8144611186903138
4,50,nuclear,GG,1,garlic,panda,1,0,0,0
4,50,prenuclear,GG,1,garlic,panda,0.6287128712871287,0.3712871287128713,0,0
4,51,adverb,GC,1,cabbage,lion,1,1,0,0
4,51,early,GC,1,cabbage,lion,0.4982078853046595,0.4982078853046595,0.5017921146953405,0
4,51,nuclear,GC,1,cabbage,lion,0.19700214132762311,0.19700214132762311,0,0
4,51,prenuclear,GC,1,cabbage,lion,0.35443037974683544,0.35443037974683544,0,0.4008438818565401
4,52,adverb,GG,1,lemon,zebra,0.6694290976058932,0,0,0.3305709023941068
4,52,early,GG,1,lemon,zebra,0.22237380627557982,0.7776261937244202,0,0
4,52,nuclear,GG,1,lemon,zebra,0.18961038961038962,0,0,0.8103896103896104
4,52,prenuclear,GG,1,lemon,zebra,1,0,0,0
4,53,adverb,CG,1,lemon,panda,0.44177777777777777,0.4777777777777778,0.08044444444444444,0
4,53,early,CG,1,lemon,panda,0,1,0,0
4,53,nuclear,CG,1,lemon,panda,0,0,1,0
4,53,prenuclear,CG,1,lemon,panda,0.1592920353982301,0.5073746312684366,0.3333333333333333,0
4,54,adverb,GG,1,bagel,zebra,0.4021190716448032,0.4021190716448032,0,0.23007063572149344
4,54,early,GG,1,bagel,zebra,0.703956343792633,0.703956343792633,0,0.296043656207367
4,54,nuclear,GG,1,bagel,zebra,0.23017408123791103,0.23017408123791103,0,0
4,54,prenuclear,GG,1,bagel,zebra,1,1,0,0
4,55,adverb,GG,1,cabbage,lion,0.06558441558441558,0.2525974025974026,0.6818181818181818,0
4,55,early,GG,1,cabbage,lion,0,0,1,0
4,55,nuclear,GG,1,cabbage,lion,1,0,0,0
4,55,prenuclear,GG,1,cabbage,lion,0.6231454005934718,0,0.3768545994065282,0
4,56,adverb,CG,1,lemon,zebra,0.871875,0.125,0.003125,0
4,56,early,CG,1,lemon,zebra,0.05149501661129568,0.9485049833887044,0,0
4,56,nuclear,CG,1,lemon,zebra,0,0,1,0
4,56,prenuclear,CG,1,lemon,zebra,0.12291052114060963,0.1927236971484759,0.6843657817109144,0
4,57,adverb,GG,1,cabbage,grizzly,0,0.32313725490196077,0.6768627450980392,0
4,57,early,GG,1,cabbage,grizzly,0,0,1,0
4,57,nuclear,GG,1,cabbage,grizzly,0,1,0,0
4,57,prenuclear,GG,1,cabbage,grizzly,0,0.823982398239824,0.17601760176017603,0
4,58,adverb,GC,1,cabbage,grizzly,1,1,0,0
4,58,early,GC,1,cabbage,grizzly,0,0,1,0
4,58,nuclear,GC,1,cabbage,grizzly,0.5641891891891891,0.5641891891891891,0.4358108108108108,0
4,58,prenuclear,GC,1,cabbage,grizzly,0,0,1,0
4,59,adverb,GG,1,bagel,panda,0.42245989304812837,0.42245989304812837,0,0
4,59,early,GG,1,bagel,panda,0.5727611940298507,0.5727611940298507,0.42723880597014924,0
4,59,nuclear,GG,1,bagel,panda,0.5029013539651838,0.5029013539651838,0.49709864603481624,0
4,59,prenuclear,GG,1,bagel,panda,0.28137254901960784,0.28137254901960784,0.5274509803921569,0.19117647058823528
4,60,adverb,CG,1,bagel,panda,0.41312453392990306,0.41312453392990306,0.2140193885160328,0.37285607755406414
4,60,early,CG,1,bagel,panda,0,0,0,0.49931787175989084
4,60,nuclear,CG,1,bagel,panda,0,0,0,1
4,60,prenuclear,CG,1,bagel,panda,0,0,0.8016194331983806,0.19838056680161945
4,61,adverb,CG,1,berries,lion,0.7910447761194029,0,0,0.208955223880597
4,61,early,CG,1,berries,lion,0,1,0,0
4,61,nuclear,CG,1,berries,lion,1,0,0,0
4,61,prenuclear,CG,1,berries,lion,0.3792633015006821,0.4051841746248295,0.2155525238744884,0
4,62,adverb,CG,1,berries,grizzly,1,0,0,0
4,62,early,CG,1,berries,grizzly,0,1,0,0
4,62,nuclear,CG,1,berries,grizzly,1,0,0,0
4,62,prenuclear,CG,1,berries,grizzly,0.7242105263157895,0.27578947368421053,0,0
4,63,adverb,GC,1,garlic,zebra,0.7713333333333333,0.14866666666666667,0.08,0
4,63,early,GC,1,garlic,zebra,0,0.6362359550561798,0.3637640449438202,0
4,63,nuclear,GC,1,garlic,zebra,0,0,1,0
4,63,prenuclear,GC,1,garlic,zebra,0.38952879581151834,0.22198952879581152,0.0020942408376963353,0.3863874345549738
4,64,adverb,GC,1,berries,lion,0.35137034434293746,0.09486999297259312,0.5537596626844694,0
4,64,nuclear,GC,1,berries,lion,0,0.4576271186440678,0,0.5423728813559322
4,64,prenuclear,GC,1,berries,lion,0,1,0,0
4,65,adverb,GC,1,garlic,grizzly,1,0,0,0
4,65,early,GC,1,garlic,grizzly,0,0,0,1
4,65,nuclear,GC,1,garlic,grizzly,1,0,0,0
4,65,prenuclear,GC,1,garlic,grizzly,0.406282722513089,0,0.29842931937172773,0.29528795811518327
4,66,adverb,GG,1,melon,zebra,0.073512252042007,0,0.926487747957993,0
4,66,early,GG,1,melon,zebra,0.2933151432469304,0,0.7066848567530696,0
4,66,nuclear,GG,1,melon,zebra,0.9287305122494433,0,0.07126948775055679,0
4,66,prenuclear,GG,1,melon,zebra,0,0,1,0
4,67,adverb,CG,1,melon,panda,0,0,1,0
4,67,nuclear,CG,1,melon,panda,0,0,1,0
4,67,prenuclear,CG,1,melon,panda,0,0.24680851063829787,0.009574468085106383,0.7436170212765958
4,68,adverb,GG,1,bagel,lion,0.5936863543788188,0.5936863543788188,0.4063136456211813,0
4,68,early,GG,1,bagel,lion,1,1,0,0
4,68,nuclear,GG,1,bagel,lion,0,0,0.13975903614457832,0
4,68,prenuclear,GG,1,bagel,lion,0.23950381679389313,0.23950381679389313,0,0
4,69,adverb,GG,1,bagel,grizzly,0.2116741500962155,0.2116741500962155,0,0.24759461193072482
4,69,early,GG,1,bagel,grizzly,0,0,0,0
4,69,nuclear,GG,1,bagel,grizzly,0,0,0,1
4,69,prenuclear,GG,1,bagel,grizzly,0.12309160305343511,0.12309160305343511,0.7185114503816794,0.10019083969465649
4,70,adverb,GG,1,garlic,lion,1,0,0,0
4,70,early,GG,1,garlic,lion,0,0,0,1
4,70,nuclear,GG,1,garlic,lion,1,0,0,0
4,70,prenuclear,GG,1,garlic,lion,0.38514851485148516,0.1613861386138614,0.1900990099009901,0.2633663366336634
4,71,adverb,CG,1,cabbage,panda,0,0,1,0
4,71,early,CG,1,cabbage,panda,0,0.9536152796725784,0,0.04638472032742155
4,71,nuclear,CG,1,cabbage,panda,0,0,1,0
4,71,prenuclear,CG,1,cabbage,panda,0,0,0.009596928982725527,0.9904030710172744
4,72,adverb,GC,1,bagel,grizzly,0.7685185185185185,0.1550925925925926,0,0.0763888888888889
4,72,early,GC,1,bagel,grizzly,0,0,1,0
4,72,nuclear,GC,1,bagel,grizzly,0,1,0,0
4,72,prenuclear,GC,1,bagel,grizzly,0,0,1,0
4,73,adverb,CG,1,brownie,lion,1,1,0,0
4,73,early,CG,1,brownie,lion,0,0,0,0.04638472032742155
4,73,nuclear,CG,1,brownie,lion,1,1,0,0
4,73,prenuclear,CG,1,brownie,lion,0.32238805970149254,0.32238805970149254,0,0.5094527363184079
4,74,adverb,GC,1,cabbage,zebra,1,1,0,0
4,74,early,GC,1,cabbage,zebra,0.09550561797752809,0.09550561797752809,0.5154494382022472,0.3890449438202247
4,74,nuclear,GC,1,cabbage,zebra,0.9014989293361885,0.9014989293361885,0.09850107066381156,0
4,74,prenuclear,GC,1,cabbage,zebra,0.21546261089987326,0.21546261089987326,0.7845373891001267,0
4,75,adverb,GG,1,brownie,lion,0.5345022624434389,0.5345022624434389,0,0
4,75,early,GG,1,brownie,lion,1,1,0,0
4,75,nuclear,GG,1,brownie,lion,0,0,0,0
4,75,prenuclear,GG,1,brownie,lion,0.7025948103792415,0.7025948103792415,0,0
4,76,adverb,GC,1,cabbage,panda,1,1,0,0
4,76,early,GC,1,cabbage,panda,0,0,0.726123595505618,0.273876404494382
4,76,nuclear,GC,1,cabbage,panda,0.49036402569593146,0.49036402569593146,0,0.5096359743040685
4,76,prenuclear,GC,1,cabbage,panda,0,0,0.8502109704641351,0.14978902953586498
4,77,adverb,GG,1,brownie,grizzly,0.9065934065934066,0.9065934065934066,0.09340659340659341,0
4,77,early,GG,1,brownie,grizzly,0,0,0.7012278308321964,0.2987721691678035
4,77,nuclear,GG,1,brownie,grizzly,0,0,0.6225165562913907,0
4,77,prenuclear,GG,1,brownie,grizzly,0.563872255489022,0.563872255489022,0.02594810379241517,0
4,78,adverb,CG,1,garlic,lion,1,0,0,0
4,78,early,CG,1,garlic,lion,0.32605729877216916,0,0.6739427012278308,0
4,78,nuclear,CG,1,garlic,lion,1,0,0,0
4,78,prenuclear,CG,1,garlic,lion,0.10288461538461538,0.18846153846153846,0.15865384615384615,0.55
4,79,adverb,GC,1,bagel,lion,1,0,0,0
4,79,early,GC,1,bagel,lion,0,0,1,0
4,79,nuclear,GC,1,bagel,lion,1,0,0,0
4,79,prenuclear,GC,1,bagel,lion,0.45556690500510727,0,0.5444330949948928,0
4,80,adverb,CG,1,bagel,grizzly,0.9656328583403185,0.9656328583403185,0,0.03436714165968147
4,80,early,CG,1,bagel,grizzly,0,0,0,0
4,80,nuclear,CG,1,bagel,grizzly,0,0,0,1
4,80,prenuclear,CG,1,bagel,grizzly,0,0,0,0.4564777327935223
4,81,adverb,GC,1,brownie,lion,0,0,1,0
4,81,nuclear,GC,1,brownie,lion,0,0,1,0
4,81,prenuclear,GC,1,brownie,lion,0.6903114186851211,0,0.3096885813148789,0
4,82,adverb,CG,1,kiwi,zebra,1,0,0,0
4,82,early,CG,1,kiwi,zebra,0,0.12278308321964529,0,0.8772169167803547
4,82,nuclear,CG,1,kiwi,zebra,1,0,0,0
4,82,prenuclear,CG,1,kiwi,zebra,0.3080708661417323,0.6919291338582677,0,0
4,83,adverb,GG,1,cabbage,zebra,0,0.3384,0.6616,0
4,83,early,GG,1,cabbage,zebra,0,0,1,0
4,83,nuclear,GG,1,cabbage,zebra,0,1,0,0
4,83,prenuclear,GG,1,cabbage,zebra,0.21167161226508407,0.43224530168150344,0.3560830860534125,0
4,84,adverb,GG,1,garlic,grizzly,0.39087947882736157,0,0,0.6091205211726385
4,84,early,GG,1,garlic,grizzly,1,0,0,0
4,84,nuclear,GG,1,garlic,grizzly,0.1903914590747331,0,0.17615658362989323,0.6334519572953736
4,84,prenuclear,GG,1,garlic,grizzly,1,0,0,0
4,85,adverb,CG,1,lemon,grizzly,1,0,0,0
4,85,early,CG,1,lemon,grizzly,0,1,0,0
4,85,nuclear,CG,1,lemon,grizzly,0.3762057877813505,0,0.5530546623794212,0.0707395498392283
4,85,prenuclear,CG,1,lemon,grizzly,0,0.5653883972468043,0.43461160275319566,0
4,86,adverb,GG,1,cabbage,panda,0,0.3343195266272189,0.665680473372781,0
4,86,early,GG,1,cabbage,panda,0,0,1,0
4,86,nuclear,GG,1,cabbage,panda,0,1,0,0
4,86,prenuclear,GG,1,cabbage,panda,0.32146389713155293,0.5974282888229476,0.08110781404549951,0
4,87,adverb,CG,1,kiwi,panda,1,0,0,0
4,87,early,CG,1,kiwi,panda,0,0,0,1
4,87,nuclear,CG,1,kiwi,panda,1,0,0,0
4,87,prenuclear,CG,1,kiwi,panda,0.03937007874015748,0.5521653543307087,0,0.40846456692913385
4,88,adverb,GC,1,melon,panda,1,0,0,0
4,88,early,GC,1,melon,panda,0,0,0,1
4,88,nuclear,GC,1,melon,panda,0.8068181818181818,0,0.19318181818181818,0
4,88,prenuclear,GC,1,melon,panda,0.48286290322580644,0,0.4102822580645161,0.10685483870967742
4,89,early,CG,1,cabbage,zebra,0,0.8308321964529332,0,0.16916780354706684
4,89,nuclear,CG,1,cabbage,zebra,0,0,1,0
4,89,prenuclear,CG,1,cabbage,zebra,0,0,0.45777351247600767,0.5422264875239923
4,90,adverb,CG,1,brownie,grizzly,1,1,0,0
4,90,early,CG,1,brownie,grizzly,0,0,0,0
4,90,nuclear,CG,1,brownie,grizzly,1,1,0,0
4,90,prenuclear,CG,1,brownie,grizzly,0.373134328358209,0.373134328358209,0,0.32238805970149254
4,91,adverb,GG,1,lemon,grizzly,0.6058917197452229,0,0,0.39410828025477707
4,91,early,GG,1,lemon,grizzly,0,0,1,0
4,91,nuclear,GG,1,lemon,grizzly,0,0,0,1
4,91,prenuclear,GG,1,lemon,grizzly,0.1269083969465649,0.566793893129771,0.22041984732824427,0.08587786259541985
4,92,adverb,GC,1,kiwi,zebra,1,1,0,0
4,92,early,GC,1,kiwi,zebra,0,0,0.3089887640449438,0.6910112359550562
4,92,nuclear,GC,1,kiwi,zebra,0.4745011086474501,0.4745011086474501,0.5254988913525499,0
4,92,prenuclear,GC,1,kiwi,zebra,0,0,0.5972222222222222,0.2916666666666667
4,93,adverb,CG,1,lemon,lion,1,0,0,0
4,93,early,CG,1,lemon,lion,0,0.22646657571623466,0.7735334242837654,0
4,93,nuclear,CG,1,lemon,lion,1,0,0,0
4,93,prenuclear,CG,1,lemon,lion,0.01966568338249754,0,0.9803343166175025,0
4,94,adverb,GC,1,lemon,grizzly,0.8046734571599761,0,0.044337926902336726,0.15098861593768723
4,94,early,GC,1,lemon,grizzly,0.824438202247191,0,0.175561797752809,0
4,94,nuclear,GC,1,lemon,grizzly,0.46524064171123,0,0.5347593582887701,0
4,94,prenuclear,GC,1,lemon,grizzly,0.5237613751263903,0,0.4762386248736097,0
4,95,adverb,GG,1,lemon,lion,0.7687776141384389,0.23122238586156113,0,0
4,95,early,GG,1,lemon,lion,0.6289222373806276,0.3710777626193724,0,0
4,95,nuclear,GG,1,lemon,lion,0,1,0,0
4,95,prenuclear,GG,1,lemon,lion,0,0.7481927710843373,0.05903614457831325,0.1927710843373494
4,96,adverb,GC,1,brownie,grizzly,0,0.5192896509491733,0.4807103490508267,0
4,96,early,GC,1,brownie,grizzly,0.7401685393258427,0,0.2598314606741573,0
4,96,nuclear,GC,1,brownie,grizzly,0,1,0,0
4,96,prenuclear,GC,1,brownie,grizzly,0,0.8583509513742071,0.1416490486257928,0
4,97,adverb,CG,1,berries,panda,1,0,0,0
4,97,early,CG,1,berries,panda,0,0.09822646657571624,0.9017735334242838,0
4,97,nuclear,CG,1,berries,panda,1,0,0,0
4,97,prenuclear,CG,1,berries,panda,0.28362573099415206,0.5321637426900585,0.18421052631578946,0
4,98,adverb,CG,1,bagel,lion,1,1,0,0
4,98,early,CG,1,bagel,lion,0.31204379562043794,0.31204379562043794,0,0
4,98,nuclear,CG,1,bagel,lion,0.9130434782608695,0.9130434782608695,0,0.08695652173913043
4,98,prenuclear,CG,1,bagel,lion,0.27631578947368424,0.27631578947368424,0,0.13562753036437247
4,99,adverb,GG,1,berries,zebra,0.7988826815642458,0.2011173184357542,0,0
4,99,early,GG,1,berries,zebra,0.4433833560709413,0.5566166439290586,0,0
4,99,nuclear,GG,1,berries,zebra,0,1,0,0
4,99,prenuclear,GG,1,berries,zebra,0,1,0,0
4,100,adverb,CG,1,berries,zebra,1,0,0,0
4,100,early,CG,1,berries,zebra,0,1,0,0
4,100,nuclear,CG,1,berries,zebra,0.7652173913043478,0,0.23478260869565218,0
4,100,prenuclear,CG,1,berries,zebra,0,0.5458089668615984,0.45419103313840153,0
4,101,adverb,GC,1,berries,panda,0,0,1,0
4,101,early,GC,1,berries,panda,0,0.4002808988764045,0,0.5997191011235955
4,101,nuclear,GC,1,berries,panda,0.3474576271186441,0,0.652542372881356,0
4,101,prenuclear,GC,1,berries,panda,0.021966527196652718,0.45502092050209203,0.34518828451882844,0.17782426778242677
4,102,adverb,GC,1,berries,zebra,0,0,1,0
4,102,early,GC,1,berries,zebra,1,0,0,0
4,102,nuclear,GC,1,berries,zebra,0.07288135593220339,0,0.6661016949152543,0.26101694915254237
4,102,prenuclear,GC,1,berries,zebra,0.2907949790794979,0,0.555439330543933,0.15376569037656904
4,103,adverb,GG,1,berries,panda,0.7792207792207793,0.22077922077922077,0,0
4,103,early,GG,1,berries,panda,1,0,0,0
4,103,nuclear,GG,1,berries,panda,0,1,0,0
4,103,prenuclear,GG,1,berries,panda,0.35121457489878544,0.37550607287449395,0,0.2732793522267207
4,104,adverb,GC,1,melon,zebra,0.6460794844253491,0,0,0.35392051557465093
4,104,nuclear,GC,1,melon,zebra,0.6386363636363637,0.3613636363636364,0,0
4,104,prenuclear,GC,1,melon,zebra,0.6376811594202898,0.1320450885668277,0,0.23027375201288244
4,105,adverb,GC,1,lemon,lion,0.8326226012793176,0,0.1673773987206823,0
4,105,early,GC,1,lemon,lion,1,0,0,0
4,105,nuclear,GC,1,lemon,lion,0.08823529411764706,0,0.9117647058823529,0
4,105,prenuclear,GC,1,lemon,lion,0.5096056622851365,0,0.4903943377148635,0
4,106,adverb,CG,1,garlic,grizzly,1,0,0,0
4,106,early,CG,1,garlic,grizzly,0,0,0,1
4,106,nuclear,CG,1,garlic,grizzly,1,0,0,0
4,106,prenuclear,CG,1,garlic,grizzly,0.21336206896551724,0.3620689655172414,0.4245689655172414,0
4,107,adverb,CG,1,melon,zebra,0,0,1,0
4,107,early,CG,1,melon,zebra,0,0.8840381991814461,0,0.11596180081855388
4,107,nuclear,CG,1,melon,zebra,0,0,1,0
4,107,prenuclear,CG,1,melon,zebra,0.1197252208047105,0.5201177625122669,0.17958783120706576,0.18056918547595682
4,108,adverb,GC,1,garlic,lion,1,0,0,0
4,108,early,GC,1,garlic,lion,0,0,0.8693820224719101,0.1306179775280899
4,108,nuclear,GC,1,garlic,lion,0.44967880085653106,0,0.4132762312633833,0.13704496788008566
4,108,prenuclear,GC,1,garlic,lion,0,0,0,1
4,109,adverb,GG,1,melon,panda,0,0.2772685609532539,0.7227314390467461,0
4,109,early,GG,1,melon,panda,0,0.047748976807639835,0.9522510231923602,0
4,109,nuclear,GG,1,melon,panda,0,1,0,0
4,109,prenuclear,GG,1,melon,panda,0.20424671385237614,0.6430738119312437,0,0.15267947421638017
4,110,adverb,GG,1,kiwi,zebra,0.6321177223288548,0,0,0.36788227767114523
4,110,early,GG,1,kiwi,zebra,0.5075034106412005,0,0,0.4924965893587995
4,110,nuclear,GG,1,kiwi,zebra,0,0,0.24229979466119098,0.757700205338809
4,110,prenuclear,GG,1,kiwi,zebra,0.6419386745796242,0,0.2591493570722057,0.09891196834817013
4,111,adverb,GC,1,kiwi,panda,1,1,0,0
4,111,early,GC,1,kiwi,panda,0,0,1,0
4,111,nuclear,GC,1,kiwi,panda,1,1,0,0
4,111,prenuclear,GC,1,kiwi,panda,0.0010471204188481676,0.0010471204188481676,0.9989528795811519,0
4,112,adverb,GG,1,kiwi,panda,0.6699029126213593,0,0,0.3300970873786408
4,112,early,GG,1,kiwi,panda,1,0,0,0
4,112,nuclear,GG,1,kiwi,panda,0,0,0,1
4,112,prenuclear,GG,1,kiwi,panda,0,0,0.5548902195608783,0.44510978043912175
99,17,adverb,CG,1,lemon,lion,0.796076099881094,0,0,0.20392390011890607
99,17,early,CG,1,lemon,lion,0,0,1,0
99,17,nuclear,CG,1,lemon,lion,0.1382636655948553,0,0,0.8617363344051447
99,17,prenuclear,CG,1,lemon,lion,0.34611602753195675,0.13372664700098327,0.09242871189773845,0.4277286135693215
99,18,adverb,GG,1,bagel,panda,0.5495552731893265,0.5495552731893265,0,0
99,18,early,GG,1,bagel,panda,0,0,0,1
99,18,nuclear,GG,1,bagel,panda,0.09671179883945841,0.09671179883945841,0,0.218568665377176
99,18,prenuclear,GG,1,bagel,panda,0.29389312977099236,0.29389312977099236,0,0.7061068702290076
99,19,adverb,GC,1,kiwi,panda,0.19977103606182026,0.19977103606182026,0,0.24041213508872353
99,19,early,GC,1,kiwi,panda,0.3255395683453237,0.3255395683453237,0,0
99,19,nuclear,GC,1,kiwi,panda,0.5476718403547672,0.5476718403547672,0,0
99,19,prenuclear,GC,1,kiwi,panda,0.11413612565445026,0.11413612565445026,0,0
99,20,adverb,GG,1,garlic,panda,0.6218041485769417,0,0.14664737095996142,0.23154848046309695
99,20,early,GG,1,garlic,panda,0,0.19918144611186903,0,0.800818553888131
99,20,nuclear,GG,1,garlic,panda,0.060498220640569395,0,0,0.9395017793594306
99,20,prenuclear,GG,1,garlic,panda,0,0.5336633663366337,0,0.46633663366336636
99,21,adverb,GC,1,lemon,grizzly,0.655207798871216,0,0,0.344792201128784
99,21,early,GC,1,lemon,grizzly,0,0,0,1
99,21,nuclear,GC,1,lemon,grizzly,0,0,0,1
99,21,prenuclear,GC,1,lemon,grizzly,0,0.6116173120728929,0,0.38838268792710706
99,22,adverb,GG,1,lemon,lion,0.3924930491195551,0.3480074142724745,0.09777571825764597,0.16172381835032437
99,22,early,GG,1,lemon,lion,0.17189631650750342,0,0.25375170532060026,0.5743519781718963
99,22,nuclear,GG,1,lemon,lion,0,0,1,0
99,22,prenuclear,GG,1,lemon,lion,0.5033039647577092,0,0.3568281938325991,0.13986784140969163
99,23,adverb,GG,1,kiwi,lion,0.7423382519863791,0,0,0.2576617480136209
99,23,early,GG,1,kiwi,lion,0,0,0,1
99,23,nuclear,GG,1,kiwi,lion,0.7522522522522522,0,0,0.24774774774774774
99,23,prenuclear,GG,1,kiwi,lion,0,0.8118811881188119,0,0.18811881188118812
99,24,adverb,GG,1,berries,grizzly,0.8662846227316141,0.13371537726838587,0,0
99,24,early,GG,1,berries,grizzly,0,0.5577299412915852,0,0.44227005870841485
99,24,nuclear,GG,1,berries,grizzly,0.5912280701754385,0.4087719298245614,0,0
99,24,prenuclear,GG,1,berries,grizzly,0.07539682539682539,0.26785714285714285,0,0.6567460317460317
99,25,adverb,GG,1,garlic,zebra,1,0,0,0
99,25,early,GG,1,garlic,zebra,1,0,0,0
99,25,nuclear,GG,1,garlic,zebra,1,0,0,0
99,25,prenuclear,GG,1,garlic,zebra,0.7722772277227723,0.22772277227722773,0,0
99,26,adverb,GC,1,berries,grizzly,0.2185251798561151,0.2302158273381295,0.5512589928057554,0
99,26,early,GC,1,berries,grizzly,1,0,0,0
99,26,nuclear,GC,1,berries,grizzly,0,0.4491525423728814,0,0.5508474576271186
99,26,prenuclear,GC,1,berries,grizzly,0.28588098016336055,0.27304550758459745,0,0.441073512252042
99,27,adverb,CG,1,bagel,zebra,0.38872255489021956,0.38872255489021956,0.12025948103792415,0.19710578842315368
99,27,early,CG,1,bagel,zebra,0,0,1,0
99,27,nuclear,CG,1,bagel,zebra,0.3350383631713555,0.3350383631713555,0,0
99,27,prenuclear,CG,1,bagel,zebra,0.22337962962962962,0.22337962962962962,0.2534722222222222,0
99,28,adverb,GC,1,berries,lion,0.3082706766917293,0,0.6917293233082706,0
99,28,early,GC,1,berries,lion,0.22201834862385322,0.5045871559633027,0,0.27339449541284405
99,28,nuclear,GC,1,berries,lion,0,0.9271186440677966,0.07288135593220339,0
99,28,prenuclear,GC,1,berries,lion,0,1,0,0
99,29,adverb,GC,1,lemon,lion,1,0,0,0
99,29,early,GC,1,lemon,lion,0,0.7837078651685393,0,0.21629213483146068
99,29,nuclear,GC,1,lemon,lion,0.17647058823529413,0.3850267379679144,0.10695187165775401,0.3315508021390374
99,29,prenuclear,GC,0.9999999999999999,lemon,lion,0.2568250758341759,0,0.7421638018200202,0.0010111223458038423
99,30,adverb,CG,1,brownie,panda,0.6973865199449794,0.6973865199449794,0,0
99,30,early,CG,1,brownie,panda,0.11725293132328309,0.11725293132328309,0.8827470686767169,0
99,30,nuclear,CG,1,brownie,panda,0.8551136363636364,0.8551136363636364,0,0
99,30,prenuclear,CG,1,brownie,panda,0.4406580493537015,0.4406580493537015,0,0
99,31,adverb,CG,1,garlic,lion,1,0,0,0
99,31,early,CG,1,garlic,lion,0,0.9126984126984127,0,0.0873015873015873
99,31,nuclear,CG,1,garlic,lion,0.5741626794258373,0,0,0.4258373205741627
99,31,prenuclear,CG,1,garlic,lion,0,0.7288461538461538,0,0.27115384615384613
99,32,adverb,CG,1,melon,lion,0.09933035714285714,0,0.9006696428571429,0
99,32,early,CG,1,melon,lion,0,0,0,1
99,32,nuclear,CG,1,melon,lion,1,0,0,0
99,32,prenuclear,CG,1,melon,lion,0.17664376840039253,0,0,0.8233562315996075
99,33,adverb,CG,1,lemon,panda,0.8623629719853837,0.13763702801461633,0,0
99,33,early,CG,1,lemon,panda,0.4671280276816609,0,0,0.532871972318339
99,33,nuclear,CG,1,lemon,panda,0,0.07395498392282958,0.40836012861736337,0.5176848874598071
99,33,prenuclear,CG,1,lemon,panda,0.7389277389277389,0.19347319347319347,0,0.0675990675990676
99,34,adverb,CG,1,cabbage,panda,0,0,1,0
99,34,early,CG,1,cabbage,panda,0,0.7557980900409277,0.24420190995907232,0
99,34,nuclear,CG,1,cabbage,panda,0,0,1,0
99,34,prenuclear,CG,1,cabbage,panda,0.4510556621880998,0,0.5489443378119002,0
99,35,early,CG,1,melon,grizzly,0.8234165067178503,0.1765834932821497,0,0
99,35,nuclear,CG,1,melon,grizzly,0,0,1,0
99,35,prenuclear,CG,1,melon,grizzly,0.1099116781157998,0.07556427870461237,0.39254170755642787,0.42198233562315995
99,36,adverb,CG,1,brownie,lion,1,1,0,0
99,36,early,CG,1,brownie,lion,0,0,0.41262135922330095,0.42880258899676377
99,36,nuclear,CG,1,brownie,lion,1,1,0,0
99,36,prenuclear,CG,1,brownie,lion,0.9691542288557214,0.9691542288557214,0,0.030845771144278607
99,37,adverb,CG,1,lemon,grizzly,1,0,0,0
99,37,early,CG,1,lemon,grizzly,0.3710777626193724,0,0.15143246930422918,0.47748976807639837
99,37,nuclear,CG,1,lemon,grizzly,1,0,0,0
99,37,prenuclear,CG,1,lemon,grizzly,0.1592920353982301,0,0.5014749262536873,0.3392330383480826
99,38,adverb,GG,1,berries,panda,0.7742238946378175,0.2257761053621825,0,0
99,38,nuclear,GG,1,berries,panda,0,1,0,0
99,38,prenuclear,GG,1,berries,panda,0,0.4123287671232877,0.5876712328767123,0
99,39,adverb,GG,1,lemon,panda,0.9913513513513513,0.008648648648648649,0,0
99,39,early,GG,1,lemon,panda,0.85785536159601,0.14214463840399003,0,0
99,39,nuclear,GG,1,lemon,panda,0,1,0,0
99,39,prenuclear,GG,1,lemon,panda,0,1,0,0
99,40,early,CG,1,berries,lion,0.7201365187713311,0,0.27986348122866894,0
99,40,nuclear,CG,1,berries,lion,1,0,0,0
99,40,prenuclear,CG,1,berries,lion,0.6171875,0,0,0.3828125
99,41,adverb,GC,1,cabbage,grizzly,0.7501842299189388,0.7501842299189388,0,0
99,41,early,GC,1,cabbage,grizzly,0,0,0,0
99,41,nuclear,GC,1,cabbage,grizzly,0.8273809523809523,0.8273809523809523,0,0.17261904761904762
99,41,prenuclear,GC,1,cabbage,grizzly,0.18335343787696018,0.18335343787696018,0.17611580217129072,0.5524728588661038
99,42,adverb,GC,1,melon,zebra,0.8055190538764783,0,0,0.19448094612352168
99,42,early,GC,1,melon,zebra,0,0,0.18679775280898878,0.8132022471910112
99,42,nuclear,GC,1,melon,zebra,0.30227272727272725,0.5727272727272728,0.125,0
99,42,prenuclear,GC,1,melon,zebra,0,0.8296370967741935,0.17036290322580644,0
99,43,adverb,CG,1,berries,grizzly,0.92363112391930835,0.07636887608069164,0,0
99,43,early,CG,1,berries,grizzly,1,0,0,0
99,43,nuclear,CG,1,berries,grizzly,0,0.43768115942028984,0.5623188405797102,0
99,43,prenuclear,CG,1,berries,grizzly,0.5614035087719298,0.17738791423001948,0.1539961013645224,0.10721247563352826
99,44,adverb,GC,1,brownie,lion,0,0,1,0
99,44,early,GC,1,brownie,lion,0,1,0,0
99,44,nuclear,GC,1,brownie,lion,0,0.20300751879699247,0.7969924812030075,0
99,44,prenuclear,GC,1,brownie,lion,0.13953488372093023,0.33509513742071884,0.1427061310782241,0.38266384778012685
99,45,adverb,GC,1,berries,panda,0.058563792702765516,0.46107366953288403,0.48036253776435045,0
99,45,early,GC,1,berries,panda,0.5435393258426966,0,0.45646067415730335,0
99,45,nuclear,GC,1,berries,panda,0,0.6661016949152543,0.3338983050847458,0
99,45,prenuclear,GC,1,berries,panda,0.31823461091753774,0.07317073170731707,0.429732868757259,0.17886178861788618
99,46,adverb,GG,1,garlic,lion,0.8971583220568335,0,0,0.10284167794316644
99,46,early,GG,1,garlic,lion,0.08351648351648351,0.9164835164835164,0,0
99,46,nuclear,GG,1,garlic,lion,0,0,0,1
99,46,prenuclear,GG,1,garlic,lion,0,0.43857493857493857,0,0.5614250614250614
99,47,adverb,GG,1,berries,zebra,1,0,0,0
99,47,early,GG,1,berries,zebra,0.17235188509874327,0,0.24775583482944344,0.5798922800718133
99,47,nuclear,GG,1,berries,zebra,0.43333333333333335,0.5666666666666667,0,0
99,47,prenuclear,GG,1,berries,zebra,0.41369047619047616,0.5863095238095238,0,0
99,48,adverb,GG,1,berries,lion,1,0,0,0
99,48,early,GG,1,berries,lion,1,0,0,0
99,48,nuclear,GG,1,berries,lion,0.624561403508772,0.37543859649122807,0,0
99,48,prenuclear,GG,1,berries,lion,0,1,0,0
99,49,adverb,GC,1,melon,grizzly,1,0,0,0
99,49,early,GC,1,melon,grizzly,0.4705056179775281,0.31179775280898875,0.21769662921348315,0
99,49,nuclear,GC,1,melon,grizzly,0.12272727272727273,0.5181818181818182,0.16590909090909092,0.19318181818181818
99,49,prenuclear,GC,1,melon,grizzly,0,0,0.2056451612903226,0.7943548387096774
99,50,adverb,GG,1,cabbage,zebra,0,0,1,0
99,50,early,GG,1,cabbage,zebra,0,0.5918367346938775,0,0.40816326530612246
99,50,nuclear,GG,1,cabbage,zebra,0,0.21767241379310345,0.7823275862068966,0
99,50,prenuclear,GG,1,cabbage,zebra,0,0.771513353115727,0,0.228486646884273
99,51,adverb,GC,1,garlic,grizzly,0.18391521197007482,0.7007481296758105,0.11533665835411472,0
99,51,early,GC,1,garlic,grizzly,0,0.3972286374133949,0.6027713625866051,0
99,51,nuclear,GC,1,garlic,grizzly,0.3425414364640884,0.6574585635359116,0,0
99,51,prenuclear,GC,1,garlic,grizzly,0.381151832460733,0.032460732984293195,0,0.5863874345549738
99,52,adverb,GG,1,cabbage,grizzly,0,0,1,0
99,52,early,GG,1,cabbage,grizzly,0,0,0,1
99,52,nuclear,GG,1,cabbage,grizzly,0,0.2995689655172414,0.7004310344827587,0
99,52,prenuclear,GG,1,cabbage,grizzly,0,0.6555090655509066,0.34449093444909346,0
99,53,adverb,GC,1,brownie,zebra,0.16981132075471697,0,0.8301886792452831,0
99,53,early,GC,1,brownie,zebra,0,1,0,0
99,53,nuclear,GC,1,brownie,zebra,0,0.6165413533834586,0.38345864661654133,0
99,53,prenuclear,GC,1,brownie,zebra,0.1721556886227545,0.4086826347305389,0,0.41916167664670656
99,54,adverb,GG,1,melon,lion,0,0,1,0
99,54,early,GG,1,melon,lion,0,1,0,0
99,54,nuclear,GG,1,melon,lion,0,0.9487750556792873,0.051224944320712694,0
99,54,prenuclear,GG,1,melon,lion,0.2641509433962264,0.4644412191582003,0.2714078374455733,0
99,55,adverb,CG,1,garlic,grizzly,0,0,0,1
99,55,early,CG,1,garlic,grizzly,0.11272727272727273,0,0.8872727272727273,0
99,55,nuclear,CG,1,garlic,grizzly,0.32057416267942584,0,0,0.6794258373205742
99,55,prenuclear,CG,1,garlic,grizzly,0.05238828967642527,0,0.22650231124807396,0.7211093990755008
99,56,adverb,GG,1,kiwi,zebra,0.631762652705061,0,0,0.3682373472949389
99,56,early,GG,1,kiwi,zebra,0,0,1,0
99,56,nuclear,GG,1,kiwi,zebra,0.7597535934291582,0,0,0.2402464065708419
99,56,prenuclear,GG,1,kiwi,zebra,0.4746760895170789,0,0.15076560659599528,0.3745583038869258
99,57,adverb,CG,1,lemon,zebra,1,0,0,0
99,57,early,CG,1,lemon,zebra,0.762619372442019,0.2373806275579809,0,0
99,57,nuclear,CG,1,lemon,zebra,1,0,0,0
99,57,prenuclear,CG,1,lemon,zebra,0.20845624385447395,0.48279252704031467,0.17010816125860373,0.13864306784660768
99,58,adverb,GG,1,kiwi,panda,1,0,0,0
99,58,nuclear,GG,1,kiwi,panda,0.37782340862423,0,0.62217659137577,0
99,58,prenuclear,GG,1,kiwi,panda,0.6568946796959826,0.20738327904451684,0,0.13572204125950055
99,59,adverb,GC,1,bagel,zebra,1,0,0,0
99,59,early,GC,1,bagel,zebra,0,0,1,0
99,59,nuclear,GC,1,bagel,zebra,0.2795275590551181,0,0,0.7204724409448819
99,59,prenuclear,GC,1,bagel,zebra,0,0.5076142131979695,0.2512690355329949,0.24111675126903553
99,60,adverb,GC,1,melon,panda,1,0,0,0
99,60,early,GC,1,melon,panda,1,0,0,0
99,60,nuclear,GC,1,melon,panda,0.6,0,0.4,0
99,60,prenuclear,GC,1,melon,panda,1,0,0,0
99,61,adverb,GC,1,lemon,panda,0.38974358974358975,0,0,0.6102564102564103
99,61,early,GC,1,lemon,panda,0.1267361111111111,0,0.8732638888888888,0
99,61,nuclear,GC,1,lemon,panda,0,0.4117647058823529,0.13903743315508021,0.44919786096256686
99,61,prenuclear,GC,1,lemon,panda,0.31445904954499493,0,0.6855409504550051,0
99,62,adverb,GC,1,kiwi,zebra,1,1,0,0
99,62,early,GC,1,kiwi,zebra,0,0,0,1
99,62,nuclear,GC,1,kiwi,zebra,0.4811529933481153,0.4811529933481153,0,0
99,62,prenuclear,GC,1,kiwi,zebra,0,0,0,0.8497340425531915
99,63,adverb,GG,1,brownie,panda,0.1260720411663808,0.1260720411663808,0.11663807890222985,0
99,63,early,GG,1,brownie,panda,0,0,0.48567530695770805,0.514324693042292
99,63,nuclear,GG,1,brownie,panda,0.36423841059602646,0.36423841059602646,0,0
99,63,prenuclear,GG,1,brownie,panda,0.24151696606786427,0.24151696606786427,0,0.13572854291417166
99,64,adverb,GC,1,cabbage,panda,1,1,0,0
99,64,early,GC,1,cabbage,panda,0.5224719101123596,0.5224719101123596,0.47752808988764045,0
99,64,nuclear,GC,1,cabbage,panda,0.6659528907922913,0.6659528907922913,0.034261241970021415,0.29978586723768735
99,64,prenuclear,GC,1,cabbage,panda,0,0,1,0
99,65,early,CG,1,cabbage,lion,0,1,0,0
99,65,nuclear,CG,1,cabbage,lion,0,0,1,0
99,65,prenuclear,CG,1,cabbage,lion,0,0.5441458733205374,0.1852207293666027,0.2706333973128599
99,66,early,CG,1,bagel,grizzly,0.04895104895104895,0.04895104895104895,0,0
99,66,nuclear,CG,1,bagel,grizzly,1,1,0,0
99,66,prenuclear,CG,1,bagel,grizzly,0.7469635627530364,0.7469635627530364,0,0
99,67,adverb,GG,1,melon,panda,0,0.14730878186968838,0.8526912181303116,0
99,67,early,GG,1,melon,panda,0.09549795361527967,0.24829467939972716,0,0.6562073669849932
99,67,nuclear,GG,1,melon,panda,0,0.534521158129176,0.46547884187082406,0
99,67,prenuclear,GG,1,melon,panda,0,0.28109201213346813,0.7189079878665319,0
99,68,early,GG,1,garlic,grizzly,0.16015625,0,0.83984375,0
99,68,nuclear,GG,1,garlic,grizzly,1,0,0,0
99,68,prenuclear,GG,1,garlic,grizzly,1,0,0,0
99,69,adverb,GG,1,cabbage,panda,0,0.26424870466321243,0.7357512953367875,0
99,69,early,GG,1,cabbage,panda,0,0.4969040247678019,0.5030959752321982,0
99,69,nuclear,GG,1,cabbage,panda,0,1,0,0
99,69,prenuclear,GG,1,cabbage,panda,0,0.6567754698318496,0,0.34322453016815035
99,70,adverb,CG,1,kiwi,lion,1,0,0,0
99,70,early,CG,1,kiwi,lion,0,0,1,0
99,70,nuclear,CG,1,kiwi,lion,1,0,0,0
99,70,prenuclear,CG,1,kiwi,lion,0.4327485380116959,0,0.5672514619883041,0
99,71,early,GC,1,garlic,lion,0.29118773946360155,0,0.7088122605363985,0
99,71,nuclear,GC,1,garlic,lion,1,0,0,0
99,71,prenuclear,GC,1,garlic,lion,0.8830146231721034,0,0.11698537682789652,0
99,72,adverb,GC,1,lemon,zebra,0.16327519379844962,0.2000968992248062,0,0.6366279069767442
99,72,early,GC,1,lemon,zebra,0,0.2712871287128713,0.7287128712871287,0
99,72,nuclear,GC,1,lemon,zebra,0,1,0,0
99,72,prenuclear,GC,1,lemon,zebra,0,0.0525783619817998,0.9474216380182002,0
99,73,adverb,GG,1,lemon,zebra,0.9681139755766621,0.03188602442333786,0,0
99,73,early,GG,1,lemon,zebra,0,0.08742331288343558,0,0.9125766871165644
99,73,nuclear,GG,1,lemon,zebra,0.6285714285714286,0.37142857142857144,0,0
99,73,prenuclear,GG,1,lemon,zebra,0.4083969465648855,0.2318702290076336,0.14599236641221375,0.21374045801526717
99,74,adverb,GC,1,bagel,lion,1,0,0,0
99,74,early,GC,1,bagel,lion,0.1151685393258427,0,0,0.8848314606741573
99,74,nuclear,GC,1,bagel,lion,0.42992424242424243,0.16287878787878787,0,0.4071969696969697
99,74,prenuclear,GC,1,bagel,lion,0.3432073544433095,0.16241062308478038,0.4943820224719101,0
99,75,adverb,GG,1,melon,zebra,0,0.22519413287316653,0.7748058671268335,0
99,75,early,GG,1,melon,zebra,0,0.1543859649122807,0.48596491228070177,0.35964912280701755
99,75,nuclear,GG,1,melon,zebra,0,0.7096774193548387,0.2903225806451613,0
99,75,prenuclear,GG,1,melon,zebra,0,0,0.28010825439783493,0.7198917456021651
99,76,adverb,CG,1,kiwi,grizzly,0.9207479964381122,0,0,0.0792520035618878
99,76,early,CG,1,kiwi,grizzly,0.5754716981132075,0,0.42452830188679247,0
99,76,nuclear,CG,1,kiwi,grizzly,0.6403940886699507,0,0,0.35960591133004927
99,76,prenuclear,CG,1,kiwi,grizzly,1,0,0,0
99,77,adverb,CG,1,kiwi,zebra,0.737108190091001,0.26289180990899896,0,0
99,77,early,CG,1,kiwi,zebra,0.15905245346869712,0,0.8409475465313029,0
99,77,nuclear,CG,1,kiwi,zebra,0.6051282051282051,0.08717948717948718,0.3076923076923077,0
99,77,prenuclear,CG,1,kiwi,zebra,0,0,0.32761087267525035,0.6723891273247496
99,78,adverb,GC,1,kiwi,grizzly,1,1,0,0
99,78,early,GC,1,kiwi,grizzly,0,0,0,0.19494584837545126
99,78,nuclear,GC,1,kiwi,grizzly,0.29490022172949004,0.29490022172949004,0,0
99,78,prenuclear,GC,1,kiwi,grizzly,0.2370012091898428,0.2370012091898428,0.5610640870616687,0.20193470374848851
99,79,adverb,CG,1,brownie,zebra,1,1,0,0
99,79,early,CG,1,brownie,zebra,0,0,1,0
99,79,nuclear,CG,1,brownie,zebra,1,1,0,0
99,79,prenuclear,CG,1,brownie,zebra,0.70625,0.70625,0,0.29375
99,80,adverb,CG,1,garlic,zebra,0.9501173708920188,0,0,0.04988262910798122
99,80,early,CG,1,garlic,zebra,0,0,1,0
99,80,nuclear,CG,1,garlic,zebra,0,0,0,1
99,80,prenuclear,CG,1,garlic,zebra,0,0,0.3283173734610123,0.6716826265389877
99,81,adverb,GG,1,lemon,grizzly,1,0,0,0
99,81,early,GG,1,lemon,grizzly,0.4431818181818182,0.5568181818181818,0,0
99,81,nuclear,GG,1,lemon,grizzly,1,0,0,0
99,81,prenuclear,GG,1,lemon,grizzly,0.7385496183206107,0.17080152671755724,0.09064885496183206,0
99,82,adverb,CG,1,melon,panda,0,0.10640608034744843,0.8935939196525515,0
99,82,early,CG,1,melon,panda,0,0.6126656848306333,0.3873343151693667,0
99,82,nuclear,CG,1,melon,panda,0,1,0,0
99,82,prenuclear,CG,1,melon,panda,0,0.7899901864573111,0.2100098135426889,0
99,83,early,CG,1,brownie,grizzly,0,0,0.07366984993178717,0.9263301500682128
99,83,nuclear,CG,1,brownie,grizzly,1,1,0,0
99,83,prenuclear,CG,1,brownie,grizzly,0.37513751375137516,0.37513751375137516,0.6248624862486248,0
99,84,adverb,CG,1,bagel,lion,0.5,0.5,0.18603042876901799,0
99,84,early,CG,1,bagel,lion,0,0,1,0
99,84,nuclear,CG,1,bagel,lion,0,0,0,0
99,84,prenuclear,CG,1,bagel,lion,0,0,0.3895631067961165,0
99,85,adverb,GC,1,garlic,zebra,0.7142857142857143,0.18753933291378225,0,0.09817495280050346
99,85,nuclear,GC,1,garlic,zebra,0.9314775160599572,0.06852248394004283,0,0
99,85,prenuclear,GC,1,garlic,zebra,1,0,0,0
99,86,adverb,GG,1,melon,grizzly,0,0,1,0
99,86,early,GG,1,melon,grizzly,0,1,0,0
99,86,nuclear,GG,1,melon,grizzly,0.31403118040089084,0,0.6859688195991092,0
99,86,prenuclear,GG,1,melon,grizzly,0,0.5132947976878612,0.4867052023121387,0
99,87,adverb,CG,1,melon,zebra,0,0.022058823529411766,0.9779411764705882,0
99,87,early,CG,1,melon,zebra,0,1,0,0
99,87,nuclear,CG,1,melon,zebra,0,1,0,0
99,87,prenuclear,CG,1,melon,zebra,0,0.6676923076923077,0,0.3323076923076923
99,88,adverb,GG,1,bagel,lion,0.6855753646677472,0.6855753646677472,0,0
99,88,early,GG,1,bagel,lion,0,0,0,1
99,88,nuclear,GG,1,bagel,lion,0,0,0,0
99,88,prenuclear,GG,1,bagel,lion,0,0,0.6458598726114649,0
99,89,adverb,GC,1,bagel,grizzly,0.21889870836165873,0,0.21481985044187626,0.566281441196465
99,89,early,GC,1,bagel,grizzly,0.20670391061452514,0.7932960893854749,0,0
99,89,nuclear,GC,1,bagel,grizzly,0.6988636363636364,0.007575757575757576,0.2935606060606061,0
99,89,prenuclear,GC,1,bagel,grizzly,0.16241062308478038,0.8375893769152196,0,0
99,90,early,CG,1,berries,zebra,1,0,0,0
99,90,nuclear,CG,1,berries,zebra,1,0,0,0
99,90,prenuclear,CG,1,berries,zebra,0.7855750487329435,0.21442495126705652,0,0
99,91,adverb,GG,1,cabbage,lion,0,0,1,0
99,91,early,GG,1,cabbage,lion,0,0.781718963165075,0,0.21828103683492497
99,91,nuclear,GG,1,cabbage,lion,0,0,1,0
99,91,prenuclear,GG,1,cabbage,lion,0.2858555885262117,0.21068249258160238,0.3115727002967359,0.19188921859545005
99,92,adverb,GC,1,garlic,panda,1,0,0,0
99,92,early,GC,1,garlic,panda,0,1,0,0
99,92,nuclear,GC,1,garlic,panda,0.3937007874015748,0.2047244094488189,0,0.4015748031496063
99,92,prenuclear,GC,1,garlic,panda,0,0.5153203342618384,0.2562674094707521,0.22841225626740946
99,93,adverb,GG,1,brownie,grizzly,0.9115138592750534,0.9115138592750534,0,0
99,93,early,GG,1,brownie,grizzly,0,0,0,1
99,93,nuclear,GG,1,brownie,grizzly,0.06990881458966565,0.06990881458966565,0,0
99,93,prenuclear,GG,1,brownie,grizzly,0.3856988082340195,0.3856988082340195,0,0.6143011917659805
99,94,adverb,CG,1,cabbage,zebra,0.36259977194982895,0,0.637400228050171,0
99,94,early,CG,1,cabbage,zebra,0,1,0,0
99,94,nuclear,CG,1,cabbage,zebra,0.5269607843137255,0.1323529411764706,0,0.34068627450980393
99,94,prenuclear,CG,1,cabbage,zebra,0,0.540420819490587,0.45957918050941304,0
99,95,adverb,GC,1,kiwi,lion,1,1,0,0
99,95,early,GC,1,kiwi,lion,0.07380607814761216,0.07380607814761216,0,0.9261939218523878
99,95,nuclear,GC,1,kiwi,lion,1,1,0,0
99,95,prenuclear,GC,1,kiwi,lion,0.46926713947990545,0.46926713947990545,0.35224586288416077,0.17848699763593381
99,96,adverb,GC,1,brownie,grizzly,0,0,1,0
99,96,early,GC,1,brownie,grizzly,0,1,0,0
99,96,nuclear,GC,1,brownie,grizzly,0,0.7619047619047619,0.23809523809523808,0
99,96,prenuclear,GC,1,brownie,grizzly,0,1,0,0
99,97,adverb,GG,1,kiwi,grizzly,0.6612349914236707,0,0,0.33876500857632935
99,97,early,GG,1,kiwi,grizzly,0,0.1077762619372442,0.8922237380627558,0
99,97,nuclear,GG,1,kiwi,grizzly,0.12320328542094455,0.8767967145790554,0,0
99,97,prenuclear,GG,1,kiwi,grizzly,0,0.2532146389713155,0.7467853610286844,0
99,98,adverb,GC,1,brownie,panda,0,0,1,0
99,98,early,GC,1,brownie,panda,0.21207865168539325,0.5519662921348315,0,0.23595505617977527
99,98,nuclear,GC,1,brownie,panda,0,0.5087719298245614,0.39348370927318294,0.09774436090225563
99,98,prenuclear,GC,1,brownie,panda,0,0.9143763213530656,0,0.08562367864693446
99,99,adverb,GG,1,bagel,grizzly,0.7701149425287356,0.7701149425287356,0,0
99,99,early,GG,1,bagel,grizzly,0,0,0.18363939899833054,0.8163606010016694
99,99,nuclear,GG,1,bagel,grizzly,0,0,0,0
99,99,prenuclear,GG,1,bagel,grizzly,0,0,0.2433206106870229,0.2824427480916031
99,100,adverb,CG,1,cabbage,grizzly,0,0,1,0
99,100,early,CG,1,cabbage,grizzly,0,0,0.21145975443383355,0.7885402455661664
99,100,nuclear,CG,1,cabbage,grizzly,0,0.5392156862745098,0.3161764705882353,0.14460784313725492
99,100,prenuclear,CG,1,cabbage,grizzly,0,0,0.5115163147792706,0.4884836852207294
99,101,adverb,GC,1,bagel,panda,1,0,0,0
99,101,early,GC,1,bagel,panda,0.40870786516853935,0,0.5912921348314607,0
99,101,nuclear,GC,1,bagel,panda,0.4678030303030303,0,0,0.5321969696969697
99,101,prenuclear,GC,1,bagel,panda,0,0.1658878504672897,0.5105140186915887,0.3235981308411215
99,102,adverb,GC,1,cabbage,zebra,0,0,0.22630230572160548,0
99,102,early,GC,1,cabbage,zebra,0,0,0.6601123595505618,0
99,102,nuclear,GC,1,cabbage,zebra,0,0,0,0
99,102,prenuclear,GC,1,cabbage,zebra,0.4778481012658228,0.4778481012658228,0,0
99,103,adverb,GG,1,brownie,zebra,0.7863756613756614,0.7863756613756614,0,0
99,103,early,GG,1,brownie,zebra,0,0,0,1
99,103,nuclear,GG,1,brownie,zebra,0,0,0.5207667731629393,0.4792332268370607
99,103,prenuclear,GG,1,brownie,zebra,0,0,0.5656213704994193,0.4343786295005807
99,104,adverb,CG,1,kiwi,panda,0.1753123816736085,0.7557743279060962,0,0.06891329042029534
99,104,early,CG,1,kiwi,panda,0,0,1,0
99,104,nuclear,CG,1,kiwi,panda,0,0.10098522167487685,0,0.8990147783251231
99,104,prenuclear,CG,1,kiwi,panda,0,0.5501968503937008,0.2263779527559055,0.2234251968503937
99,105,adverb,GG,1,bagel,zebra,0.6354285714285715,0.6354285714285715,0,0
99,105,early,GG,1,bagel,zebra,0,0,0,1
99,105,nuclear,GG,1,bagel,zebra,0,0,0,0
99,105,prenuclear,GG,1,bagel,zebra,0,0,0.5477099236641222,0.2566793893129771
99,106,adverb,CG,1,garlic,panda,1,0,0,0
99,106,early,CG,1,garlic,panda,1,0,0,0
99,106,nuclear,CG,1,garlic,panda,1,0,0,0
99,106,prenuclear,CG,1,garlic,panda,0.24903846153846154,0,0,0.7509615384615385
99,107,adverb,GG,1,brownie,lion,0.7414871438498958,0.7414871438498958,0.2585128561501042,0
99,107,early,GG,1,brownie,lion,0,0,0,1
99,107,nuclear,GG,1,brownie,lion,0.5540838852097131,0.5540838852097131,0,0
99,107,prenuclear,GG,1,brownie,lion,0,0,0,0.7328431372549019
99,108,adverb,CG,1,berries,panda,1,0,0,0
99,108,early,CG,1,berries,panda,1,0,0,0
99,108,nuclear,CG,1,berries,panda,0.744927536231884,0.25507246376811593,0,0
99,108,prenuclear,CG,1,berries,panda,0.949317738791423,0.050682261208576995,0,0
99,109,adverb,GC,1,berries,zebra,0,0,1,0
99,109,early,GC,1,berries,zebra,0.2786885245901639,0.3377049180327869,0.3836065573770492,0
99,109,nuclear,GC,1,berries,zebra,0,0.023728813559322035,0.976271186440678,0
99,109,prenuclear,GC,1,berries,zebra,0,0.15796178343949044,0.22547770700636943,0.6165605095541401
99,110,early,CG,1,bagel,panda,0.34584450402144773,0.34584450402144773,0,0.6541554959785523
99,110,nuclear,CG,1,bagel,panda,1,1,0,0
99,110,prenuclear,CG,1,bagel,panda,0.5223880597014925,0.5223880597014925,0,0
99,111,adverb,GC,1,melon,lion,1,0,0,0
99,111,early,GC,1,melon,lion,0.31203007518796994,0,0.6071428571428571,0.08082706766917293
99,111,nuclear,GC,1,melon,lion,0.625,0.375,0,0
99,111,prenuclear,GC,1,melon,lion,0,0.3477822580645161,0.2127016129032258,0.43951612903225806
99,112,adverb,GC,1,cabbage,lion,0.18153846153846154,0.18153846153846154,0,0
99,112,early,GC,1,cabbage,lion,0,0,0.3188202247191011,0.6811797752808989
99,112,nuclear,GC,1,cabbage,lion,0,0,0,0
99,112,prenuclear,GC,1,cabbage,lion,0,0,0.0938818565400844,0.5485232067510548
3,110,NA,CG,NA,melon,panda,NA,NA,NA,NA
3,112,NA,GC,NA,berries,zebra,NA,NA,NA,NA
3,37,NA,CG,NA,cabbage,grizzly,NA,NA,NA,NA
3,41,NA,GG,NA,brownie,panda,NA,NA,NA,NA
3,48,NA,GG,NA,brownie,zebra,NA,NA,NA,NA
3,51,NA,GC,NA,berries,lion,NA,NA,NA,NA
3,57,NA,GC,NA,kiwi,grizzly,NA,NA,NA,NA
3,59,NA,GC,NA,brownie,zebra,NA,NA,NA,NA
3,66,NA,GC,NA,berries,panda,NA,NA,NA,NA
3,71,NA,CG,NA,berries,panda,NA,NA,NA,NA
3,90,NA,GG,NA,brownie,lion,NA,NA,NA,NA
